INSERT INTO User (UserID, Username, UserPassword, FirstName, LastName, AccountType) 
VALUES
 
('AD001', 'dhenderson', 'Rs5+iSjj8@', 'Debra', 'Henderson', 'Administrator'),
('AD002', 'kzimmerman', 'D@0DpOlDf8', 'Katelyn', 'Zimmerman', 'Administrator'),
('AD003', 'pramirez', 'YM3yXLdeM#', 'Peter', 'Ramirez', 'Administrator'),
('AD004', 'jhayes', 'e$Fzs2dZ$4', 'Jerry', 'Hayes', 'Administrator'),
('AD005', 'djohnson', 'd86@lTJu+X', 'David', 'Johnson', 'Administrator'),
('PA001', 'bbarnett', 's7Cu(AlF#0', 'Brittney', 'Barnett', 'Patient'),
('PA002', 'jflowers', 'Q90Irh*V^%', 'Justin', 'Flowers', 'Patient'),
('PA003', 'jsmith', '*+!^1FDnpO', 'John', 'Smith', 'Patient'),
('PA004', 'acarlson', '&mRMdjkZ79', 'Ashley', 'Carlson', 'Patient'),
('PA005', 'sguerra', 'Rz!2M@mI$i', 'Scott', 'Guerra', 'Patient'),
('PA006', 'shudson', '+d^$4DKiv#', 'Stephanie', 'Hudson', 'Patient'),
('PA007', 'ctrujillo', '_5ceLeya)(', 'Chad', 'Trujillo', 'Patient'),
('PA008', 'mgarcia', '4T5^TDhMz!', 'Monica', 'Garcia', 'Patient'),
('PA009', 'ayang', ')JS*wyfLr7', 'Angela', 'Yang', 'Patient'),
('PA010', 'cgordon', 'q!5P6HDo1y', 'Christopher', 'Gordon', 'Patient'),
('PA011', 'award', 'lL8AiXLq#y', 'Anthony', 'Ward', 'Patient'),
('PA012', 'anelson', '*%ZNB4ok)8', 'Amanda', 'Nelson', 'Patient'),
('PA013', 'shernandez', 'K2b6Q&mq&w', 'Samantha', 'Hernandez', 'Patient'),
('PA014', 'klowe', '!16(DFTmb%', 'Kathryn', 'Lowe', 'Patient'),
('PA015', 'asmith', '*BPFB5En(7', 'Ashlee', 'Smith', 'Patient'),
('PA016', 'lmurray', ')_1+x&KavQ', 'Larry', 'Murray', 'Patient'),
('PA017', 'tanderson', 'I1&&fPeI@R', 'Tonya', 'Anderson', 'Patient'),
('PA018', 'nwhite', '$5KYZnmkVz', 'Nicholas', 'White', 'Patient'),
('PA019', 'mdunn', '@)7C#oWoI9', 'Matthew', 'Dunn', 'Patient'),
('PA020', 'edavis', '^B96Dms1Ql', 'Elizabeth', 'Davis', 'Patient'),
('PA021', 'rallen', '93u^OIqU!v', 'Robert', 'Allen', 'Patient'),
('PA022', 'aoneill', '#Fc32P^iQs', 'Adam', 'Oneill', 'Patient'),
('PA023', 'ljohnson', 'Dba1FkO@o#', 'Lori', 'Johnson', 'Patient'),
('PA024', 'ldyer', 'zF*zYE#w%7', 'Leslie', 'Dyer', 'Patient'),
('PA025', 'rfranklin', '(UQU8hvp3L', 'Ryan', 'Franklin', 'Patient'),
('PA026', 'rlawrence', '4hFzfDjo(L', 'Rebecca', 'Lawrence', 'Patient'),
('PA027', 'tmaddox', '%X0OCQtTL3', 'Teresa', 'Maddox', 'Patient'),
('PA028', 'bwinters', 'O9Z_q6%q+U', 'Bruce', 'Winters', 'Patient'),
('PA029', 'scurtis', 'Px23!IrED*', 'Shirley', 'Curtis', 'Patient'),
('PA030', 'gsandoval', 'K2WHDeeO^c', 'Grace', 'Sandoval', 'Patient'),
('PA031', 'jking', 'i5TphExP*G', 'Jacob', 'King', 'Patient'),
('PA032', 'khester', '1!%N2QXo&_', 'Kimberly', 'Hester', 'Patient'),
('PA033', 'eblair', '!#+yAZsn1#', 'Eric', 'Blair', 'Patient'),
('PA034', 'rhernandez', '^A7cRyD*mv', 'Ryan', 'Hernandez', 'Patient'),
('PA035', 'mrussell', '7XEE*1Ry#p', 'Michael', 'Russell', 'Patient'),
('PA036', 'dcarr', 'p)qi5RJucW', 'David', 'Carr', 'Patient'),
('PA037', 'tlong', 'Jl7FJCuk5&', 'Timothy', 'Long', 'Patient'),
('PA038', 'jlarson', '16LF_ueJ!i', 'Jeremy', 'Larson', 'Patient'),
('PA039', 'khenderson', '01%AqgWB@K', 'Kristi', 'Henderson', 'Patient'),
('PA040', 'dmolina', 'xxh5KybF%2', 'David', 'Molina', 'Patient'),
('PA041', 'lmorrison', 'V*6J#9_p)b', 'Lauren', 'Morrison', 'Patient'),
('PA042', 'ggonzales', '^6YZQUc97S', 'Gary', 'Gonzales', 'Patient'),
('PA043', 'lhopkins', '$$oVBsf*4&', 'Levi', 'Hopkins', 'Patient'),
('PA044', 'rlong', '45^tE!bd(3', 'Rodney', 'Long', 'Patient'),
('PA045', 'gstevens', '+84TXmdfbq', 'Gregory', 'Stevens', 'Patient'),
('PA046', 'dreese', 'sZ3WI7Ie(h', 'Dawn', 'Reese', 'Patient'),
('PA047', 'mmiles', '@6O_bF6uN3', 'Marilyn', 'Miles', 'Patient'),
('PA048', 'praymond', '#6&BustC$r', 'Paul', 'Raymond', 'Patient'),
('PA049', 'dlynch', '#dP6yZq&Hv', 'Danielle', 'Lynch', 'Patient'),
('PA050', 'jcrawford', 'Qt0H)3HwI#', 'Jasmine', 'Crawford', 'Patient'),
('PA051', 'aramos', 'B*4Hv)%fn2', 'Alex', 'Ramos', 'Patient'),
('PA052', 'ehodges', '@5U1Oqnb2(', 'Edward', 'Hodges', 'Patient'),
('PA053', 'gmartinez', '&g7CjuQncX', 'Gary', 'Martinez', 'Patient'),
('PA054', 'wrichardson', 'K&Aj62hr&H', 'William', 'Richardson', 'Patient'),
('PA055', 'mcortez', 'X*9U@Hjxmf', 'Michele', 'Cortez', 'Patient'),
('PA056', 'ajones', '%kVPZgdU%3', 'Amber', 'Jones', 'Patient'),
('PA057', 'thart', '#$I0IIdiHV', 'Thomas', 'Hart', 'Patient'),
('PA058', 'wbrown', 'zY7WOPcm$h', 'William', 'Brown', 'Patient'),
('PA059', 'bgray', '6n5oC(xi^9', 'Bill', 'Gray', 'Patient'),
('PA060', 'jhopkins', 'xPHlhzEb^4', 'Jason', 'Hopkins', 'Patient'),
('PA061', 'elove', 'V#Jf0ZvpNM', 'Eric', 'Love', 'Patient'),
('PA062', 'jstevens', '^pU86XPjJ@', 'Jonathan', 'Stevens', 'Patient'),
('PA063', 'mward', '*BI3PaL1u3', 'Melissa', 'Ward', 'Patient'),
('PA064', 'lstewart', '(q3Y5%ji_6', 'Laurie', 'Stewart', 'Patient'),
('PA065', 'tzuniga', 'n$wc0Cxq9E', 'Tina', 'Zuniga', 'Patient'),
('PA066', 'mwhite', '^T(54Irs&p', 'Michael', 'White', 'Patient'),
('PA067', 'jbraun', 'nG#E7Dwge_', 'Julie', 'Braun', 'Patient'),
('PA068', 'rbarton', '&8HvVe#2m4', 'Rebecca', 'Barton', 'Patient'),
('PA069', 'abarajas', '!GD2kbsoj6', 'Ashlee', 'Barajas', 'Patient'),
('PA070', 'jpayne', '$45rWb@O+G', 'Joyce', 'Payne', 'Patient'),
('PA071', 'tharvey', 'O8#f5DjLQk', 'Toni', 'Harvey', 'Patient'),
('PA072', 'cramirez', '^Xi9Oa#hmp', 'Chad', 'Ramirez', 'Patient'),
('PA073', 'nwilliams', 'l4Bcy(GT(a', 'Natalie', 'Williams', 'Patient'),
('PA074', 'eherring', 'D!0Moi@YGU', 'Edward', 'Herring', 'Patient'),
('PA075', 'cmoore', '8Io#3Fl#gX', 'Claudia', 'Moore', 'Patient'),
('PA076', 'kevans', 'cFIa&mA%@9', 'Keith', 'Evans', 'Patient'),
('PA077', 'smoore', '3gTSqBv0^y', 'Samantha', 'Moore', 'Patient'),
('PA078', 'chenson', '*%6qEzpYyc', 'Christine', 'Henson', 'Patient'),
('PA079', 'scollins', 'cKYN6EBy@_', 'Stephanie', 'Collins', 'Patient'),
('PA080', 'bchavez', 'kI2CB+)q2(', 'Brent', 'Chavez', 'Patient'),
('PA081', 'mcook', 'L7aI$Edp#v', 'Michelle', 'Cook', 'Patient'),
('PA082', 'astevens', 'pr3HWUv3*q', 'Anthony', 'Stevens', 'Patient'),
('PA083', 'ayoung', '#82ICEaZrG', 'Alexander', 'Young', 'Patient'),
('PA084', 'mallen', 'k04%Hghx$9', 'Melissa', 'Allen', 'Patient'),
('PA085', 'jhughes', '%3VT%T(g&z', 'Jason', 'Hughes', 'Patient'),
('PA086', 'afoley', '*5%CWfkjUc', 'Alyssa', 'Foley', 'Patient'),
('PA087', 'rreeves', 'n%45YRwDO8', 'Robin', 'Reeves', 'Patient'),
('PA088', 'speters', '3G1)npTd!X', 'Sarah', 'Peters', 'Patient'),
('PA089', 'dhale', 'c!7YTm0ON#', 'Danielle', 'Hale', 'Patient'),
('PA090', 'lcollier', '6x4GCrWh*S', 'Laura', 'Collier', 'Patient'),
('PA091', 'ewolfe', 'w6w*3LLupT', 'Eric', 'Wolfe', 'Patient'),
('PA092', 'esmith', '*5!0mFGrG8', 'Elizabeth', 'Smith', 'Patient'),
('PA093', 'smontgomery', '^O^pKjzvu6', 'Steven', 'Montgomery', 'Patient'),
('PA094', 'adunn', 'vnD^#T)v#3', 'Anna', 'Dunn', 'Patient'),
('PA095', 'jward', '_T4dPSYeA0', 'John', 'Ward', 'Patient'),
('PA096', 'kbishop', '6^i6eS(yKR', 'Kayla', 'Bishop', 'Patient'),
('PA097', 'cwells', 'wI#LqZzT@5', 'Christina', 'Wells', 'Patient'),
('PA098', 'bwilliams', '+2cpYn@tAz', 'Brandon', 'Williams', 'Patient'),
('PA099', 'kjackson', '^P*BRvbq76', 'Kenneth', 'Jackson', 'Patient'),
('PA100', 'randerson', '0(O9RkE0@*', 'Richard', 'Anderson', 'Patient');
 

INSERT INTO Patient (UserID, Gender, DateOfBirth, PhoneNumber, Email) 
VALUES
 
('PA001', 'Female', '1951-10-28', '876-803-7262', 'brittneybarnett44@example.com'),
('PA002', 'Male', '1996-12-20', '876-235-1057', 'justinflowers32@example.com'),
('PA003', 'Female', '1964-04-21', '876-891-9963', 'johnsmith14@example.com'),
('PA004', 'Male', '1956-10-07', '876-518-9819', 'ashleycarlson38@example.com'),
('PA005', 'Male', '1970-12-22', '876-872-1181', 'scottguerra37@example.com'),
('PA006', 'Male', '1987-02-26', '876-611-1115', 'stephaniehudson93@example.com'),
('PA007', 'Male', '1968-03-06', '876-298-1725', 'chadtrujillo58@example.com'),
('PA008', 'Male', '2001-11-02', '876-990-5204', 'monicagarcia72@example.com'),
('PA009', 'Female', '1990-02-02', '876-108-8281', 'angelayang23@example.com'),
('PA010', 'Female', '1992-02-01', '876-695-6394', 'christophergordon48@example.com'),
('PA011', 'Female', '1975-07-03', '876-252-6760', 'anthonyward10@example.com'),
('PA012', 'Female', '1986-05-18', '876-701-6511', 'amandanelson59@example.com'),
('PA013', 'Female', '1975-01-22', '876-719-8724', 'samanthahernandez30@example.com'),
('PA014', 'Female', '1972-11-08', '876-934-4202', 'kathrynlowe32@example.com'),
('PA015', 'Male', '2005-08-26', '876-294-8600', 'ashleesmith57@example.com'),
('PA016', 'Female', '1955-10-08', '876-976-4340', 'larrymurray90@example.com'),
('PA017', 'Female', '1937-08-16', '876-640-8886', 'tonyaanderson62@example.com'),
('PA018', 'Female', '1967-04-30', '876-205-5833', 'nicholaswhite22@example.com'),
('PA019', 'Female', '2002-12-26', '876-764-3374', 'matthewdunn86@example.com'),
('PA020', 'Female', '1988-04-08', '876-938-6645', 'elizabethdavis60@example.com'),
('PA021', 'Male', '1944-10-09', '876-247-9754', 'robertallen75@example.com'),
('PA022', 'Male', '1985-04-06', '876-515-9628', 'adamoneill71@example.com'),
('PA023', 'Female', '1945-03-14', '876-446-4927', 'lorijohnson7@example.com'),
('PA024', 'Male', '1987-11-26', '876-461-8745', 'lesliedyer89@example.com'),
('PA025', 'Male', '1939-03-13', '876-824-2793', 'ryanfranklin14@example.com'),
('PA026', 'Male', '1948-08-05', '876-248-1842', 'rebeccalawrence74@example.com'),
('PA027', 'Male', '1996-08-09', '876-693-1321', 'teresamaddox1@example.com'),
('PA028', 'Female', '1969-05-12', '876-696-9505', 'brucewinters86@example.com'),
('PA029', 'Male', '2002-08-03', '876-492-9512', 'shirleycurtis98@example.com'),
('PA030', 'Male', '1974-09-16', '876-770-4321', 'gracesandoval92@example.com'),
('PA031', 'Female', '1940-09-25', '876-150-2122', 'jacobking60@example.com'),
('PA032', 'Male', '1967-09-22', '876-412-8413', 'kimberlyhester90@example.com'),
('PA033', 'Female', '2002-04-01', '876-610-7615', 'ericblair77@example.com'),
('PA034', 'Female', '1937-05-07', '876-722-5044', 'ryanhernandez93@example.com'),
('PA035', 'Male', '1968-02-17', '876-264-4917', 'michaelrussell96@example.com'),
('PA036', 'Male', '1983-01-13', '876-387-2228', 'davidcarr24@example.com'),
('PA037', 'Male', '1961-07-13', '876-858-8148', 'timothylong0@example.com'),
('PA038', 'Male', '1975-11-23', '876-388-4550', 'jeremylarson77@example.com'),
('PA039', 'Male', '1943-06-11', '876-224-5543', 'kristihenderson46@example.com'),
('PA040', 'Female', '1983-10-05', '876-340-7966', 'davidmolina3@example.com'),
('PA041', 'Female', '1999-03-16', '876-214-7893', 'laurenmorrison32@example.com'),
('PA042', 'Female', '2004-08-04', '876-873-7514', 'garygonzales54@example.com'),
('PA043', 'Male', '1953-04-23', '876-660-3502', 'levihopkins48@example.com'),
('PA044', 'Male', '1936-12-18', '876-991-7853', 'rodneylong67@example.com'),
('PA045', 'Female', '1938-06-13', '876-758-8591', 'gregorystevens60@example.com'),
('PA046', 'Male', '1960-01-12', '876-312-9223', 'dawnreese13@example.com'),
('PA047', 'Female', '1951-07-31', '876-171-3086', 'marilynmiles87@example.com'),
('PA048', 'Male', '1941-10-29', '876-930-2448', 'paulraymond57@example.com'),
('PA049', 'Female', '1980-06-27', '876-475-5433', 'daniellelynch95@example.com'),
('PA050', 'Female', '1939-07-22', '876-987-3417', 'jasminecrawford14@example.com'),
('PA051', 'Male', '1970-05-12', '876-738-9961', 'alexramos81@example.com'),
('PA052', 'Male', '1943-11-06', '876-826-7866', 'edwardhodges48@example.com'),
('PA053', 'Male', '1973-01-04', '876-238-4594', 'garymartinez34@example.com'),
('PA054', 'Male', '1981-06-28', '876-852-4838', 'williamrichardson62@example.com'),
('PA055', 'Male', '1960-05-14', '876-466-6339', 'michelecortez98@example.com'),
('PA056', 'Female', '1951-01-20', '876-200-9780', 'amberjones6@example.com'),
('PA057', 'Male', '1980-11-10', '876-452-4600', 'thomashart69@example.com'),
('PA058', 'Male', '1945-10-07', '876-803-1742', 'williambrown43@example.com'),
('PA059', 'Female', '1971-09-26', '876-253-2219', 'billgray32@example.com'),
('PA060', 'Female', '2000-09-28', '876-369-2504', 'jasonhopkins28@example.com'),
('PA061', 'Male', '1973-02-01', '876-868-7129', 'ericlove77@example.com'),
('PA062', 'Female', '1946-06-29', '876-966-1394', 'jonathanstevens20@example.com'),
('PA063', 'Female', '1979-03-17', '876-222-5686', 'melissaward23@example.com'),
('PA064', 'Male', '1989-07-11', '876-594-2800', 'lauriestewart95@example.com'),
('PA065', 'Female', '1972-04-30', '876-751-9463', 'tinazuniga98@example.com'),
('PA066', 'Male', '1987-07-21', '876-461-1397', 'michaelwhite68@example.com'),
('PA067', 'Male', '1977-07-22', '876-703-6537', 'juliebraun53@example.com'),
('PA068', 'Female', '1980-12-11', '876-680-7116', 'rebeccabarton45@example.com'),
('PA069', 'Female', '1935-08-18', '876-988-4942', 'ashleebarajas25@example.com'),
('PA070', 'Male', '1938-01-15', '876-989-3778', 'joycepayne85@example.com'),
('PA071', 'Male', '1953-05-23', '876-155-4219', 'toniharvey77@example.com'),
('PA072', 'Female', '1964-03-08', '876-768-7722', 'chadramirez5@example.com'),
('PA073', 'Female', '1991-04-17', '876-976-4258', 'nataliewilliams69@example.com'),
('PA074', 'Male', '2003-01-13', '876-331-9076', 'edwardherring54@example.com'),
('PA075', 'Female', '1960-12-01', '876-279-3573', 'claudiamoore96@example.com'),
('PA076', 'Female', '1974-10-06', '876-634-7821', 'keithevans18@example.com'),
('PA077', 'Female', '1975-09-20', '876-743-5593', 'samanthamoore71@example.com'),
('PA078', 'Female', '1986-10-18', '876-366-3514', 'christinehenson23@example.com'),
('PA079', 'Female', '1967-05-23', '876-382-9121', 'stephaniecollins87@example.com'),
('PA080', 'Female', '1939-06-20', '876-520-3878', 'brentchavez13@example.com'),
('PA081', 'Male', '1941-06-17', '876-200-2562', 'michellecook92@example.com'),
('PA082', 'Female', '1984-08-03', '876-142-6581', 'anthonystevens76@example.com'),
('PA083', 'Female', '1969-06-26', '876-571-5663', 'alexanderyoung51@example.com'),
('PA084', 'Male', '1980-07-19', '876-104-7492', 'melissaallen77@example.com'),
('PA085', 'Female', '1988-02-26', '876-828-4095', 'jasonhughes22@example.com'),
('PA086', 'Female', '2004-11-17', '876-958-1441', 'alyssafoley99@example.com'),
('PA087', 'Male', '1977-01-27', '876-227-9273', 'robinreeves17@example.com'),
('PA088', 'Female', '1990-12-24', '876-297-3531', 'sarahpeters18@example.com'),
('PA089', 'Female', '2003-10-31', '876-969-3704', 'daniellehale55@example.com'),
('PA090', 'Male', '1986-08-12', '876-168-3545', 'lauracollier80@example.com'),
('PA091', 'Male', '1973-07-15', '876-372-8553', 'ericwolfe49@example.com'),
('PA092', 'Female', '2001-08-17', '876-479-5241', 'elizabethsmith87@example.com'),
('PA093', 'Female', '1959-06-24', '876-743-5908', 'stevenmontgomery62@example.com'),
('PA094', 'Male', '1981-08-14', '876-455-1488', 'annadunn35@example.com'),
('PA095', 'Male', '2001-09-20', '876-723-1428', 'johnward77@example.com'),
('PA096', 'Female', '1941-08-03', '876-935-9558', 'kaylabishop23@example.com'),
('PA097', 'Female', '1971-03-23', '876-757-4788', 'christinawells46@example.com'),
('PA098', 'Female', '1952-05-30', '876-155-6609', 'brandonwilliams98@example.com'),
('PA099', 'Male', '1967-11-30', '876-911-4740', 'kennethjackson27@example.com'),
('PA100', 'Female', '1975-06-27', '876-819-6468', 'richardanderson83@example.com');
 

INSERT INTO Appointment (appointmentID, priorityLevel, appointmentTime, appointmentLocation, appointmentType, appointmentStatus, userID) 
VALUES
 
('AP001', NULL, '2024-04-18 21:07:44', 'Medical Center E', NULL, 'Open', NULL),
('AP002', NULL, '2024-04-03 02:41:40', 'Clinic B', NULL, 'Open', NULL),
('AP003', '3', '2024-04-24 06:22:33', 'Hospital A', 'In-Person', 'Scheduled', 'PA044'),
('AP004', NULL, '2024-04-06 10:20:27', 'Medical Center E', NULL, 'Open', NULL),
('AP005', '2', '2024-04-28 22:41:24', 'Office D', 'Video Call', 'Scheduled', 'PA092'),
('AP006', NULL, '2024-04-21 20:01:29', 'Clinic B', NULL, 'Open', NULL),
('AP007', '2', '2024-04-08 00:17:25', 'Hospital A', 'Video Call', 'Scheduled', 'PA055'),
('AP008', NULL, '2024-04-27 19:27:47', 'Hospital A', NULL, 'Open', NULL),
('AP009', '4', '2024-04-21 22:39:31', 'Center C', 'Phone Call', 'Scheduled', 'PA082'),
('AP010', NULL, '2024-04-11 13:34:07', 'Medical Center E', NULL, 'Open', NULL),
('AP011', NULL, '2024-04-10 15:28:50', 'Center C', NULL, 'Open', NULL),
('AP012', NULL, '2024-04-11 07:31:52', 'Clinic B', NULL, 'Open', NULL),
('AP013', NULL, '2024-04-26 10:55:57', 'Medical Center E', NULL, 'Open', NULL),
('AP014', NULL, '2024-04-04 07:57:42', 'Hospital A', NULL, 'Open', NULL),
('AP015', NULL, '2024-04-12 13:10:05', 'Center C', NULL, 'Open', NULL),
('AP016', NULL, '2024-04-19 01:23:19', 'Hospital A', NULL, 'Open', NULL),
('AP017', '1', '2024-04-18 21:00:16', 'Hospital A', 'In-Person', 'Scheduled', 'PA062'),
('AP018', '1', '2024-04-12 07:31:23', 'Office D', 'In-Person', 'Scheduled', 'PA014'),
('AP019', NULL, '2024-04-05 14:25:59', 'Center C', NULL, 'Open', NULL),
('AP020', '5', '2024-03-30 20:13:44', 'Clinic B', 'In-Person', 'Scheduled', 'PA011'),
('AP021', NULL, '2024-04-14 04:05:19', 'Hospital A', NULL, 'Open', NULL),
('AP022', NULL, '2024-04-11 17:46:11', 'Center C', NULL, 'Open', NULL),
('AP023', '5', '2024-04-10 19:40:48', 'Hospital A', 'In-Person', 'Scheduled', 'PA005'),
('AP024', '2', '2024-04-07 14:17:10', 'Office D', 'In-Person', 'Scheduled', 'PA078'),
('AP025', '2', '2024-04-04 02:40:11', 'Center C', 'In-Person', 'Scheduled', 'PA037'),
('AP026', '3', '2024-04-21 15:08:50', 'Office D', 'In-Person', 'Scheduled', 'PA053'),
('AP027', '1', '2024-04-20 20:13:56', 'Clinic B', 'In-Person', 'Scheduled', 'PA023'),
('AP028', NULL, '2024-04-17 12:23:13', 'Office D', NULL, 'Open', NULL),
('AP029', '3', '2024-04-02 18:22:18', 'Clinic B', 'Phone Call', 'Scheduled', 'PA016'),
('AP030', NULL, '2024-04-06 19:54:44', 'Medical Center E', NULL, 'Open', NULL),
('AP031', NULL, '2024-03-30 10:33:08', 'Center C', NULL, 'Open', NULL),
('AP032', '3', '2024-04-22 07:02:34', 'Center C', 'Phone Call', 'Scheduled', 'PA034'),
('AP033', '5', '2024-04-01 11:56:19', 'Clinic B', 'Video Call', 'Scheduled', 'PA068'),
('AP034', '4', '2024-04-02 07:04:22', 'Hospital A', 'In-Person', 'Scheduled', 'PA063'),
('AP035', '4', '2024-04-16 00:03:49', 'Center C', 'In-Person', 'Scheduled', 'PA049'),
('AP036', NULL, '2024-04-18 17:43:32', 'Clinic B', NULL, 'Open', NULL),
('AP037', '1', '2024-04-02 17:38:19', 'Hospital A', 'In-Person', 'Scheduled', 'PA013'),
('AP038', '3', '2024-04-16 08:30:12', 'Medical Center E', 'In-Person', 'Scheduled', 'PA071'),
('AP039', '3', '2024-04-21 12:08:57', 'Center C', 'In-Person', 'Scheduled', 'PA052'),
('AP040', '3', '2024-04-23 18:24:07', 'Center C', 'In-Person', 'Scheduled', 'PA004'),
('AP041', NULL, '2024-04-19 13:32:34', 'Hospital A', NULL, 'Open', NULL),
('AP042', NULL, '2024-04-04 21:48:06', 'Hospital A', NULL, 'Open', NULL),
('AP043', '3', '2024-04-23 13:08:33', 'Hospital A', 'In-Person', 'Scheduled', 'PA087'),
('AP044', '1', '2024-04-18 00:12:27', 'Medical Center E', 'Phone Call', 'Scheduled', 'PA020'),
('AP045', NULL, '2024-04-05 17:33:13', 'Hospital A', NULL, 'Open', NULL),
('AP046', NULL, '2024-04-15 08:44:31', 'Office D', NULL, 'Open', NULL),
('AP047', NULL, '2024-04-12 19:01:48', 'Center C', NULL, 'Open', NULL),
('AP048', '4', '2024-04-16 00:28:10', 'Hospital A', 'In-Person', 'Scheduled', 'PA031'),
('AP049', NULL, '2024-04-12 22:18:52', 'Office D', NULL, 'Open', NULL),
('AP050', NULL, '2024-04-10 13:23:05', 'Medical Center E', NULL, 'Open', NULL),
('AP051', NULL, '2024-04-18 08:51:12', 'Center C', NULL, 'Open', NULL),
('AP052', '5', '2024-03-31 01:41:44', 'Hospital A', 'In-Person', 'Scheduled', 'PA017'),
('AP053', NULL, '2024-04-28 17:11:15', 'Hospital A', NULL, 'Open', NULL),
('AP054', '4', '2024-04-21 04:41:21', 'Clinic B', 'Phone Call', 'Scheduled', 'PA057'),
('AP055', '2', '2024-04-04 07:31:28', 'Office D', 'In-Person', 'Scheduled', 'PA100'),
('AP056', '1', '2024-04-03 01:50:07', 'Hospital A', 'In-Person', 'Scheduled', 'PA088'),
('AP057', NULL, '2024-04-19 13:56:31', 'Hospital A', NULL, 'Open', NULL),
('AP058', '1', '2024-04-17 01:33:39', 'Office D', 'In-Person', 'Scheduled', 'PA079'),
('AP059', NULL, '2024-04-15 17:17:56', 'Hospital A', NULL, 'Open', NULL),
('AP060', NULL, '2024-04-22 18:38:29', 'Medical Center E', NULL, 'Open', NULL),
('AP061', '3', '2024-04-14 19:14:04', 'Medical Center E', 'In-Person', 'Scheduled', 'PA089'),
('AP062', '2', '2024-04-03 21:46:14', 'Clinic B', 'In-Person', 'Scheduled', 'PA096'),
('AP063', '2', '2024-04-27 01:28:36', 'Center C', 'In-Person', 'Scheduled', 'PA068'),
('AP064', NULL, '2024-04-15 04:55:14', 'Hospital A', NULL, 'Open', NULL),
('AP065', '5', '2024-04-15 03:16:17', 'Clinic B', 'In-Person', 'Scheduled', 'PA031'),
('AP066', NULL, '2024-04-16 11:33:38', 'Medical Center E', NULL, 'Open', NULL),
('AP067', NULL, '2024-04-13 19:06:12', 'Medical Center E', NULL, 'Open', NULL),
('AP068', '2', '2024-04-19 11:00:12', 'Clinic B', 'In-Person', 'Scheduled', 'PA058'),
('AP069', '3', '2024-04-09 07:34:46', 'Clinic B', 'In-Person', 'Scheduled', 'PA027'),
('AP070', NULL, '2024-04-22 14:01:24', 'Clinic B', NULL, 'Open', NULL),
('AP071', '1', '2024-04-23 15:17:44', 'Center C', 'Phone Call', 'Scheduled', 'PA004'),
('AP072', '4', '2024-04-25 01:46:31', 'Center C', 'In-Person', 'Scheduled', 'PA038'),
('AP073', '2', '2024-04-04 12:42:59', 'Medical Center E', 'In-Person', 'Scheduled', 'PA092'),
('AP074', NULL, '2024-04-03 10:15:47', 'Medical Center E', NULL, 'Open', NULL),
('AP075', NULL, '2024-04-12 18:03:00', 'Clinic B', NULL, 'Open', NULL),
('AP076', '3', '2024-04-09 01:49:51', 'Medical Center E', 'In-Person', 'Scheduled', 'PA054'),
('AP077', '2', '2024-04-26 06:41:54', 'Medical Center E', 'In-Person', 'Scheduled', 'PA066'),
('AP078', NULL, '2024-04-07 20:05:45', 'Clinic B', NULL, 'Open', NULL),
('AP079', NULL, '2024-04-05 10:09:16', 'Hospital A', NULL, 'Open', NULL),
('AP080', NULL, '2024-04-06 09:05:33', 'Clinic B', NULL, 'Open', NULL),
('AP081', '3', '2024-04-24 10:18:05', 'Medical Center E', 'In-Person', 'Scheduled', 'PA059'),
('AP082', NULL, '2024-04-16 23:49:43', 'Office D', NULL, 'Open', NULL),
('AP083', NULL, '2024-04-22 09:42:29', 'Office D', NULL, 'Open', NULL),
('AP084', NULL, '2024-04-08 05:07:28', 'Clinic B', NULL, 'Open', NULL),
('AP085', NULL, '2024-04-21 12:29:57', 'Hospital A', NULL, 'Open', NULL),
('AP086', NULL, '2024-04-24 22:06:40', 'Office D', NULL, 'Open', NULL),
('AP087', '4', '2024-03-31 18:20:33', 'Hospital A', 'In-Person', 'Scheduled', 'PA008'),
('AP088', NULL, '2024-04-15 22:36:28', 'Clinic B', NULL, 'Open', NULL),
('AP089', NULL, '2024-04-02 10:45:21', 'Center C', NULL, 'Open', NULL),
('AP090', NULL, '2024-03-31 20:57:21', 'Center C', NULL, 'Open', NULL),
('AP091', '3', '2024-04-28 18:50:58', 'Medical Center E', 'In-Person', 'Scheduled', 'PA004'),
('AP092', NULL, '2024-04-04 08:50:06', 'Hospital A', NULL, 'Open', NULL),
('AP093', '4', '2024-04-17 11:56:15', 'Hospital A', 'In-Person', 'Scheduled', 'PA040'),
('AP094', NULL, '2024-04-11 16:49:56', 'Office D', NULL, 'Open', NULL),
('AP095', '1', '2024-04-20 20:10:34', 'Hospital A', 'Video Call', 'Scheduled', 'PA040'),
('AP096', '4', '2024-04-02 09:34:15', 'Office D', 'Phone Call', 'Scheduled', 'PA065'),
('AP097', NULL, '2024-04-17 03:01:03', 'Hospital A', NULL, 'Open', NULL),
('AP098', '4', '2024-04-02 04:17:02', 'Office D', 'In-Person', 'Scheduled', 'PA071'),
('AP099', '5', '2024-04-25 18:59:03', 'Clinic B', 'In-Person', 'Scheduled', 'PA004'),
('AP100', '4', '2024-03-30 18:18:29', 'Clinic B', 'In-Person', 'Scheduled', 'PA071'),
('AP101', NULL, '2024-04-26 09:17:24', 'Medical Center E', NULL, 'Open', NULL),
('AP102', NULL, '2024-04-15 00:07:41', 'Hospital A', NULL, 'Open', NULL),
('AP103', '4', '2024-04-16 15:40:35', 'Center C', 'Phone Call', 'Scheduled', 'PA016'),
('AP104', '3', '2024-04-14 03:08:35', 'Clinic B', 'In-Person', 'Scheduled', 'PA099'),
('AP105', '4', '2024-04-08 02:02:50', 'Clinic B', 'In-Person', 'Scheduled', 'PA066'),
('AP106', NULL, '2024-04-13 09:09:32', 'Medical Center E', NULL, 'Open', NULL),
('AP107', NULL, '2024-04-08 17:07:55', 'Hospital A', NULL, 'Open', NULL),
('AP108', NULL, '2024-04-26 09:39:31', 'Clinic B', NULL, 'Open', NULL),
('AP109', '5', '2024-04-14 22:55:18', 'Office D', 'In-Person', 'Scheduled', 'PA040'),
('AP110', '2', '2024-04-06 11:02:44', 'Hospital A', 'In-Person', 'Scheduled', 'PA042'),
('AP111', '2', '2024-04-26 08:02:54', 'Center C', 'In-Person', 'Scheduled', 'PA034'),
('AP112', '2', '2024-04-14 15:44:10', 'Medical Center E', 'In-Person', 'Scheduled', 'PA011'),
('AP113', NULL, '2024-04-06 05:28:23', 'Clinic B', NULL, 'Open', NULL),
('AP114', '4', '2024-04-20 13:18:15', 'Hospital A', 'Phone Call', 'Scheduled', 'PA054'),
('AP115', NULL, '2024-04-01 03:49:36', 'Hospital A', NULL, 'Open', NULL),
('AP116', NULL, '2024-04-08 15:44:52', 'Hospital A', NULL, 'Open', NULL),
('AP117', '4', '2024-04-11 02:20:19', 'Office D', 'In-Person', 'Scheduled', 'PA044'),
('AP118', '3', '2024-04-24 13:00:56', 'Office D', 'In-Person', 'Scheduled', 'PA049'),
('AP119', '2', '2024-04-06 00:57:07', 'Medical Center E', 'Phone Call', 'Scheduled', 'PA053'),
('AP120', '2', '2024-04-06 23:02:14', 'Clinic B', 'In-Person', 'Scheduled', 'PA041'),
('AP121', '3', '2024-04-03 08:22:00', 'Hospital A', 'In-Person', 'Scheduled', 'PA025'),
('AP122', NULL, '2024-04-08 07:48:56', 'Center C', NULL, 'Open', NULL),
('AP123', NULL, '2024-04-21 01:59:23', 'Center C', NULL, 'Open', NULL),
('AP124', NULL, '2024-04-12 15:45:36', 'Medical Center E', NULL, 'Open', NULL),
('AP125', '1', '2024-04-16 05:58:47', 'Clinic B', 'Phone Call', 'Scheduled', 'PA081'),
('AP126', NULL, '2024-04-01 20:36:34', 'Clinic B', NULL, 'Open', NULL),
('AP127', '5', '2024-04-10 12:20:08', 'Medical Center E', 'In-Person', 'Scheduled', 'PA025'),
('AP128', NULL, '2024-04-11 07:45:32', 'Medical Center E', NULL, 'Open', NULL),
('AP129', '1', '2024-04-25 20:55:16', 'Hospital A', 'Video Call', 'Scheduled', 'PA002'),
('AP130', NULL, '2024-04-17 09:42:45', 'Hospital A', NULL, 'Open', NULL),
('AP131', '1', '2024-04-12 21:30:19', 'Office D', 'In-Person', 'Scheduled', 'PA078'),
('AP132', '1', '2024-04-02 05:42:48', 'Hospital A', 'In-Person', 'Scheduled', 'PA089'),
('AP133', NULL, '2024-04-09 02:50:48', 'Center C', NULL, 'Open', NULL),
('AP134', NULL, '2024-04-02 05:20:21', 'Clinic B', NULL, 'Open', NULL),
('AP135', NULL, '2024-04-06 06:16:05', 'Hospital A', NULL, 'Open', NULL),
('AP136', '2', '2024-04-07 00:52:13', 'Clinic B', 'Phone Call', 'Scheduled', 'PA068'),
('AP137', NULL, '2024-03-30 09:12:31', 'Hospital A', NULL, 'Open', NULL),
('AP138', '4', '2024-04-10 12:52:50', 'Center C', 'In-Person', 'Scheduled', 'PA015'),
('AP139', NULL, '2024-04-22 01:51:56', 'Center C', NULL, 'Open', NULL),
('AP140', NULL, '2024-04-02 15:40:20', 'Center C', NULL, 'Open', NULL),
('AP141', NULL, '2024-04-16 18:12:58', 'Center C', NULL, 'Open', NULL),
('AP142', '1', '2024-04-25 21:54:05', 'Medical Center E', 'In-Person', 'Scheduled', 'PA010'),
('AP143', '2', '2024-03-31 02:46:59', 'Center C', 'In-Person', 'Scheduled', 'PA075'),
('AP144', NULL, '2024-04-27 00:05:24', 'Hospital A', NULL, 'Open', NULL),
('AP145', '3', '2024-04-25 01:38:00', 'Hospital A', 'In-Person', 'Scheduled', 'PA077'),
('AP146', NULL, '2024-04-27 18:57:37', 'Office D', NULL, 'Open', NULL),
('AP147', NULL, '2024-03-30 19:26:04', 'Medical Center E', NULL, 'Open', NULL),
('AP148', '1', '2024-04-11 11:35:57', 'Medical Center E', 'Phone Call', 'Scheduled', 'PA034'),
('AP149', '1', '2024-04-08 09:04:26', 'Hospital A', 'In-Person', 'Scheduled', 'PA041'),
('AP150', '1', '2024-04-10 12:57:40', 'Hospital A', 'Video Call', 'Scheduled', 'PA090'),
('AP151', NULL, '2024-04-18 12:48:10', 'Clinic B', NULL, 'Open', NULL),
('AP152', NULL, '2024-04-03 05:55:33', 'Center C', NULL, 'Open', NULL),
('AP153', NULL, '2024-04-01 22:52:37', 'Medical Center E', NULL, 'Open', NULL),
('AP154', '2', '2024-04-08 02:25:13', 'Office D', 'In-Person', 'Scheduled', 'PA073'),
('AP155', NULL, '2024-04-01 09:54:19', 'Hospital A', NULL, 'Open', NULL),
('AP156', NULL, '2024-04-23 04:04:22', 'Center C', NULL, 'Open', NULL),
('AP157', '5', '2024-04-24 07:26:17', 'Medical Center E', 'In-Person', 'Scheduled', 'PA089'),
('AP158', '5', '2024-04-21 17:42:22', 'Office D', 'In-Person', 'Scheduled', 'PA004'),
('AP159', '2', '2024-04-18 14:54:11', 'Clinic B', 'In-Person', 'Scheduled', 'PA070'),
('AP160', '3', '2024-04-22 13:46:17', 'Hospital A', 'In-Person', 'Scheduled', 'PA016'),
('AP161', '3', '2024-04-10 04:30:43', 'Medical Center E', 'Phone Call', 'Scheduled', 'PA097'),
('AP162', NULL, '2024-04-25 09:09:57', 'Medical Center E', NULL, 'Open', NULL),
('AP163', '2', '2024-04-09 18:58:23', 'Center C', 'In-Person', 'Scheduled', 'PA062'),
('AP164', '5', '2024-04-27 13:42:09', 'Office D', 'In-Person', 'Scheduled', 'PA082'),
('AP165', '1', '2024-04-14 16:50:29', 'Hospital A', 'In-Person', 'Scheduled', 'PA093'),
('AP166', '4', '2024-04-14 18:53:00', 'Center C', 'In-Person', 'Scheduled', 'PA089'),
('AP167', '1', '2024-04-27 14:30:32', 'Center C', 'In-Person', 'Scheduled', 'PA048'),
('AP168', '5', '2024-04-06 21:32:10', 'Medical Center E', 'In-Person', 'Scheduled', 'PA065'),
('AP169', NULL, '2024-04-25 20:30:24', 'Medical Center E', NULL, 'Open', NULL),
('AP170', NULL, '2024-04-15 20:23:11', 'Hospital A', NULL, 'Open', NULL),
('AP171', '3', '2024-04-06 14:53:09', 'Hospital A', 'In-Person', 'Scheduled', 'PA030'),
('AP172', NULL, '2024-04-15 20:20:46', 'Clinic B', NULL, 'Open', NULL),
('AP173', '3', '2024-04-09 09:25:03', 'Clinic B', 'Video Call', 'Scheduled', 'PA027'),
('AP174', NULL, '2024-04-28 08:27:31', 'Clinic B', NULL, 'Open', NULL),
('AP175', '4', '2024-04-03 01:37:29', 'Clinic B', 'In-Person', 'Scheduled', 'PA062'),
('AP176', '5', '2024-04-03 10:11:55', 'Center C', 'In-Person', 'Scheduled', 'PA067'),
('AP177', NULL, '2024-04-27 11:12:16', 'Office D', NULL, 'Open', NULL),
('AP178', '1', '2024-04-12 01:50:56', 'Hospital A', 'In-Person', 'Scheduled', 'PA023'),
('AP179', '5', '2024-04-16 15:10:02', 'Medical Center E', 'In-Person', 'Scheduled', 'PA045'),
('AP180', '3', '2024-03-31 12:15:04', 'Hospital A', 'Phone Call', 'Scheduled', 'PA078'),
('AP181', '3', '2024-04-21 15:42:43', 'Center C', 'Phone Call', 'Scheduled', 'PA027'),
('AP182', '5', '2024-04-20 18:20:23', 'Hospital A', 'In-Person', 'Scheduled', 'PA023'),
('AP183', NULL, '2024-04-25 13:13:37', 'Center C', NULL, 'Open', NULL),
('AP184', NULL, '2024-03-31 11:32:15', 'Medical Center E', NULL, 'Open', NULL),
('AP185', '2', '2024-04-11 10:46:39', 'Center C', 'In-Person', 'Scheduled', 'PA095'),
('AP186', '4', '2024-04-27 07:06:44', 'Clinic B', 'In-Person', 'Scheduled', 'PA028'),
('AP187', NULL, '2024-04-13 20:34:22', 'Center C', NULL, 'Open', NULL),
('AP188', NULL, '2024-04-19 07:27:07', 'Center C', NULL, 'Open', NULL),
('AP189', '5', '2024-04-10 09:33:01', 'Office D', 'In-Person', 'Scheduled', 'PA056'),
('AP190', '2', '2024-04-09 17:52:41', 'Medical Center E', 'Video Call', 'Scheduled', 'PA067'),
('AP191', '2', '2024-04-01 02:41:20', 'Clinic B', 'Video Call', 'Scheduled', 'PA009'),
('AP192', NULL, '2024-03-31 02:20:40', 'Hospital A', NULL, 'Open', NULL),
('AP193', NULL, '2024-04-20 13:10:07', 'Medical Center E', NULL, 'Open', NULL),
('AP194', '1', '2024-04-03 00:58:01', 'Medical Center E', 'In-Person', 'Scheduled', 'PA079'),
('AP195', '2', '2024-04-01 05:06:04', 'Center C', 'In-Person', 'Scheduled', 'PA069'),
('AP196', '1', '2024-04-09 17:25:19', 'Hospital A', 'In-Person', 'Scheduled', 'PA030'),
('AP197', NULL, '2024-04-09 17:16:39', 'Clinic B', NULL, 'Open', NULL),
('AP198', NULL, '2024-04-07 06:59:01', 'Hospital A', NULL, 'Open', NULL),
('AP199', NULL, '2024-04-02 15:50:29', 'Clinic B', NULL, 'Open', NULL),
('AP200', '5', '2024-04-08 06:35:23', 'Clinic B', 'Phone Call', 'Scheduled', 'PA023');
 

INSERT INTO Preference (UserID, PreferenceID, Type, Provider, Location, TimeOfDay) 
VALUES
 
('PA055', 'PR001', 'In-Person', 'Dr. Brown', 'Hospital A', 'Afternoon'),
('PA094', 'PR002', 'Video Call', 'Dr. Johnson', 'Hospital A', 'Afternoon'),
('PA097', 'PR003', 'In-Person', 'Dr. Lee', 'Office D', 'Afternoon'),
('PA005', 'PR004', 'In-Person', 'Dr. Lee', 'Clinic B', 'Evening'),
('PA009', 'PR005', 'In-Person', 'Dr. Brown', 'Center C', 'Afternoon'),
('PA017', 'PR006', 'In-Person', 'Dr. Johnson', 'Office D', 'Morning'),
('PA004', 'PR007', 'Video Call', 'Dr. Johnson', 'Office D', 'Evening'),
('PA034', 'PR008', 'In-Person', 'Dr. Smith', 'Clinic B', 'Evening'),
('PA041', 'PR009', 'In-Person', 'Dr. Johnson', 'Office D', 'Morning'),
('PA029', 'PR010', 'In-Person', 'Dr. Brown', 'Office D', 'Morning'),
('PA019', 'PR011', 'In-Person', 'Dr. White', 'Office D', 'Morning'),
('PA039', 'PR012', 'Phone Call', 'Dr. Brown', 'Medical Center E', 'Morning'),
('PA098', 'PR013', 'In-Person', 'Dr. Johnson', 'Center C', 'Morning'),
('PA053', 'PR014', 'In-Person', 'Dr. White', 'Hospital A', 'Evening'),
('PA008', 'PR015', 'In-Person', 'Dr. White', 'Office D', 'Afternoon'),
('PA063', 'PR016', 'In-Person', 'Dr. Smith', 'Medical Center E', 'Morning'),
('PA091', 'PR017', 'In-Person', 'Dr. Johnson', 'Office D', 'Morning'),
('PA078', 'PR018', 'In-Person', 'Dr. Lee', 'Hospital A', 'Morning'),
('PA060', 'PR019', 'In-Person', 'Dr. Smith', 'Clinic B', 'Afternoon'),
('PA035', 'PR020', 'In-Person', 'Dr. Brown', 'Office D', 'Morning'),
('PA062', 'PR021', 'In-Person', 'Dr. Smith', 'Office D', 'Morning'),
('PA007', 'PR022', 'In-Person', 'Dr. Smith', 'Office D', 'Afternoon'),
('PA056', 'PR023', 'In-Person', 'Dr. Smith', 'Office D', 'Afternoon'),
('PA012', 'PR024', 'Video Call', 'Dr. Brown', 'Center C', 'Morning'),
('PA075', 'PR025', 'In-Person', 'Dr. Lee', 'Center C', 'Afternoon'),
('PA093', 'PR026', 'In-Person', 'Dr. White', 'Office D', 'Morning'),
('PA011', 'PR027', 'Video Call', 'Dr. Johnson', 'Clinic B', 'Afternoon'),
('PA037', 'PR028', 'In-Person', 'Dr. Smith', 'Clinic B', 'Evening'),
('PA076', 'PR029', 'In-Person', 'Dr. Brown', 'Center C', 'Afternoon'),
('PA001', 'PR030', 'In-Person', 'Dr. White', 'Center C', 'Morning'),
('PA067', 'PR031', 'In-Person', 'Dr. Brown', 'Clinic B', 'Evening'),
('PA006', 'PR032', 'In-Person', 'Dr. Johnson', 'Center C', 'Morning'),
('PA082', 'PR033', 'Phone Call', 'Dr. White', 'Clinic B', 'Afternoon'),
('PA087', 'PR034', 'In-Person', 'Dr. Smith', 'Clinic B', 'Morning'),
('PA073', 'PR035', 'In-Person', 'Dr. Brown', 'Office D', 'Morning'),
('PA032', 'PR036', 'In-Person', 'Dr. Smith', 'Clinic B', 'Afternoon'),
('PA044', 'PR037', 'In-Person', 'Dr. Brown', 'Office D', 'Morning'),
('PA058', 'PR038', 'Video Call', 'Dr. Brown', 'Center C', 'Afternoon'),
('PA100', 'PR039', 'In-Person', 'Dr. White', 'Office D', 'Evening'),
('PA018', 'PR040', 'In-Person', 'Dr. Brown', 'Medical Center E', 'Morning'),
('PA051', 'PR041', 'In-Person', 'Dr. Smith', 'Center C', 'Morning'),
('PA038', 'PR042', 'In-Person', 'Dr. Brown', 'Hospital A', 'Morning'),
('PA010', 'PR043', 'In-Person', 'Dr. Smith', 'Clinic B', 'Afternoon'),
('PA057', 'PR044', 'In-Person', 'Dr. Brown', 'Clinic B', 'Afternoon'),
('PA026', 'PR045', 'Phone Call', 'Dr. Brown', 'Hospital A', 'Evening'),
('PA045', 'PR046', 'In-Person', 'Dr. Smith', 'Center C', 'Evening'),
('PA049', 'PR047', 'In-Person', 'Dr. White', 'Center C', 'Evening'),
('PA077', 'PR048', 'In-Person', 'Dr. White', 'Medical Center E', 'Afternoon'),
('PA071', 'PR049', 'In-Person', 'Dr. Johnson', 'Hospital A', 'Evening'),
('PA033', 'PR050', 'Phone Call', 'Dr. White', 'Clinic B', 'Evening'),
('PA081', 'PR051', 'Video Call', 'Dr. Smith', 'Clinic B', 'Morning'),
('PA023', 'PR052', 'In-Person', 'Dr. Johnson', 'Clinic B', 'Afternoon'),
('PA092', 'PR053', 'In-Person', 'Dr. Brown', 'Medical Center E', 'Afternoon'),
('PA046', 'PR054', 'In-Person', 'Dr. Brown', 'Center C', 'Morning'),
('PA068', 'PR055', 'Video Call', 'Dr. Johnson', 'Clinic B', 'Morning'),
('PA070', 'PR056', 'In-Person', 'Dr. Lee', 'Office D', 'Afternoon'),
('PA074', 'PR057', 'Video Call', 'Dr. Brown', 'Clinic B', 'Evening'),
('PA069', 'PR058', 'In-Person', 'Dr. Johnson', 'Hospital A', 'Evening'),
('PA025', 'PR059', 'In-Person', 'Dr. Johnson', 'Medical Center E', 'Afternoon'),
('PA061', 'PR060', 'In-Person', 'Dr. Smith', 'Clinic B', 'Morning'),
('PA031', 'PR061', 'Video Call', 'Dr. Lee', 'Clinic B', 'Afternoon'),
('PA095', 'PR062', 'In-Person', 'Dr. Johnson', 'Clinic B', 'Morning'),
('PA059', 'PR063', 'Video Call', 'Dr. White', 'Center C', 'Evening'),
('PA088', 'PR064', 'In-Person', 'Dr. White', 'Center C', 'Morning'),
('PA013', 'PR065', 'In-Person', 'Dr. Smith', 'Clinic B', 'Morning'),
('PA015', 'PR066', 'In-Person', 'Dr. White', 'Clinic B', 'Evening'),
('PA086', 'PR067', 'In-Person', 'Dr. Smith', 'Medical Center E', 'Evening'),
('PA021', 'PR068', 'In-Person', 'Dr. Johnson', 'Center C', 'Morning'),
('PA079', 'PR069', 'In-Person', 'Dr. White', 'Center C', 'Afternoon'),
('PA027', 'PR070', 'In-Person', 'Dr. White', 'Medical Center E', 'Evening'),
('PA020', 'PR071', 'In-Person', 'Dr. Johnson', 'Office D', 'Evening'),
('PA099', 'PR072', 'In-Person', 'Dr. White', 'Clinic B', 'Afternoon'),
('PA066', 'PR073', 'Phone Call', 'Dr. Smith', 'Center C', 'Afternoon'),
('PA043', 'PR074', 'In-Person', 'Dr. Johnson', 'Medical Center E', 'Evening'),
('PA047', 'PR075', 'In-Person', 'Dr. Lee', 'Clinic B', 'Evening'),
('PA050', 'PR076', 'In-Person', 'Dr. Johnson', 'Medical Center E', 'Afternoon'),
('PA014', 'PR077', 'In-Person', 'Dr. White', 'Medical Center E', 'Morning'),
('PA030', 'PR078', 'In-Person', 'Dr. Brown', 'Medical Center E', 'Evening'),
('PA003', 'PR079', 'In-Person', 'Dr. Brown', 'Medical Center E', 'Evening'),
('PA085', 'PR080', 'In-Person', 'Dr. Smith', 'Hospital A', 'Afternoon'),
('PA042', 'PR081', 'Video Call', 'Dr. Lee', 'Clinic B', 'Morning'),
('PA090', 'PR082', 'In-Person', 'Dr. Lee', 'Medical Center E', 'Afternoon'),
('PA022', 'PR083', 'Phone Call', 'Dr. Johnson', 'Office D', 'Afternoon'),
('PA080', 'PR084', 'In-Person', 'Dr. Lee', 'Medical Center E', 'Afternoon'),
('PA002', 'PR085', 'In-Person', 'Dr. Johnson', 'Office D', 'Afternoon'),
('PA040', 'PR086', 'In-Person', 'Dr. Lee', 'Office D', 'Evening'),
('PA084', 'PR087', 'In-Person', 'Dr. Johnson', 'Center C', 'Evening'),
('PA036', 'PR088', 'In-Person', 'Dr. White', 'Clinic B', 'Morning'),
('PA016', 'PR089', 'In-Person', 'Dr. Brown', 'Center C', 'Morning'),
('PA089', 'PR090', 'In-Person', 'Dr. Johnson', 'Hospital A', 'Morning'),
('PA024', 'PR091', 'In-Person', 'Dr. Smith', 'Center C', 'Afternoon'),
('PA064', 'PR092', 'Video Call', 'Dr. Lee', 'Clinic B', 'Evening'),
('PA028', 'PR093', 'In-Person', 'Dr. White', 'Office D', 'Evening'),
('PA054', 'PR094', 'In-Person', 'Dr. Smith', 'Office D', 'Afternoon'),
('PA065', 'PR095', 'Video Call', 'Dr. White', 'Hospital A', 'Afternoon'),
('PA048', 'PR096', 'In-Person', 'Dr. Brown', 'Hospital A', 'Morning'),
('PA072', 'PR097', 'In-Person', 'Dr. Brown', 'Office D', 'Evening'),
('PA083', 'PR098', 'In-Person', 'Dr. Brown', 'Medical Center E', 'Afternoon'),
('PA096', 'PR099', 'In-Person', 'Dr. Brown', 'Medical Center E', 'Morning'),
('PA052', 'PR100', 'Video Call', 'Dr. Brown', 'Medical Center E', 'Afternoon');
 

INSERT INTO Administrator (UserID) 
VALUES
('AD001'),
('AD002'),
('AD003'),
('AD004'),
('AD005');
 
