INSERT INTO User (UserID, Username, UserPassword, FirstName, LastName, AccountType) 
VALUES
 
('AD001', 'smiranda', '^&Sf&Ec(X0', 'Scott', 'Miranda', 'Administrator'),
('AD002', 'mdiaz', 'AP1_!Olq@D', 'Max', 'Diaz', 'Administrator'),
('AD003', 'cmartin', '#2MhLZYR@s', 'Christian', 'Martin', 'Administrator'),
('AD004', 'jbell', '+04@IAz!_*', 'John', 'Bell', 'Administrator'),
('AD005', 'lfitzpatrick', '*YZ9D&Xs1E', 'Linda', 'Fitzpatrick', 'Administrator'),
('PA001', 'eharrison', 'd9WDASWt#K', 'Evan', 'Harrison', 'Patient'),
('PA002', 'bwolfe', '7evbTzET_8', 'Benjamin', 'Wolfe', 'Patient'),
('PA003', 'jpalmer', '!%a9ENFmX2', 'Joshua', 'Palmer', 'Patient'),
('PA004', 'jdyer', 'p!hMa6Iw&7', 'Jenna', 'Dyer', 'Patient'),
('PA005', 'mjackson', '_yL_5PrC44', 'Mandy', 'Jackson', 'Patient'),
('PA006', 'kmoss', 'k^0OUSyy(C', 'Kelly', 'Moss', 'Patient'),
('PA007', 'ddavidson', '3nHB3MV3&2', 'Daniel', 'Davidson', 'Patient'),
('PA008', 'joconnell', 'Ud3P1R(u!5', 'Jonathan', 'Oconnell', 'Patient'),
('PA009', 'sberger', '%5hSDuezpb', 'Sandra', 'Berger', 'Patient'),
('PA010', 'khall', 'Gn0PJmq6_b', 'Kristen', 'Hall', 'Patient'),
('PA011', 'bjohnson', '&5vhZB&u6N', 'Barbara', 'Johnson', 'Patient'),
('PA012', 'thawkins', '#4TH8wxt7e', 'Tiffany', 'Hawkins', 'Patient'),
('PA013', 'rcrane', 'o8hqJj4)%5', 'Ruth', 'Crane', 'Patient'),
('PA014', 'jhall', 'b(3LqAgnZ$', 'Joshua', 'Hall', 'Patient'),
('PA015', 'rwatson', '2iaPAzbl+A', 'Robin', 'Watson', 'Patient'),
('PA016', 'cwhite', '#0DlbU$3hT', 'Christopher', 'White', 'Patient'),
('PA017', 'rmorris', 'zE2Z*3kv_H', 'Ryan', 'Morris', 'Patient'),
('PA018', 'omontgomery', '^@9Rgcrdf(', 'Olivia', 'Montgomery', 'Patient'),
('PA019', 'dgibbs', 'dZ8Bxhl%__', 'David', 'Gibbs', 'Patient'),
('PA020', 'jsmith', '+WH5u8H)4i', 'Jason', 'Smith', 'Patient'),
('PA021', 'cperez', '%QRfy4XbZ^', 'Courtney', 'Perez', 'Patient'),
('PA022', 'jnewman', 'o_@L02Wi(i', 'Joan', 'Newman', 'Patient'),
('PA023', 'jfuentes', 'B_+1rLo8wD', 'John', 'Fuentes', 'Patient'),
('PA024', 'dedwards', 's@bdG4Fj@h', 'Dustin', 'Edwards', 'Patient'),
('PA025', 'lhenry', 'HY9%Vb%q)U', 'Lucas', 'Henry', 'Patient'),
('PA026', 'gadams', '*eJrrj2J+3', 'Gregory', 'Adams', 'Patient'),
('PA027', 'ctran', '0^Xl0MAn!x', 'Crystal', 'Tran', 'Patient'),
('PA028', 'cgonzalez', 'z^3t3$EG3v', 'Catherine', 'Gonzalez', 'Patient'),
('PA029', 'rvalencia', '*eOU(cWbd8', 'Richard', 'Valencia', 'Patient'),
('PA030', 'jbailey', '$aPLsPQa75', 'Justin', 'Bailey', 'Patient'),
('PA031', 'sharris', '!J72In00*2', 'Sharon', 'Harris', 'Patient'),
('PA032', 'rwilliams', '*h0s%4Eu+%', 'Richard', 'Williams', 'Patient'),
('PA033', 'abuchanan', 'dK2W_sBKV&', 'Angela', 'Buchanan', 'Patient'),
('PA034', 'jmccormick', 'm(3ZRHjR5h', 'Jacob', 'Mccormick', 'Patient'),
('PA035', 'aserrano', 'ZQ^9Rwxb$R', 'Amber', 'Serrano', 'Patient'),
('PA036', 'msantos', 'gyz@PoR*#9', 'Matthew', 'Santos', 'Patient'),
('PA037', 'mmartinez', 'mA9&6jhzW&', 'Megan', 'Martinez', 'Patient'),
('PA038', 'cparker', '^M8Kig0v_E', 'Colin', 'Parker', 'Patient'),
('PA039', 'bgonzalez', 'KE79VPLk4@', 'Barbara', 'Gonzalez', 'Patient'),
('PA040', 'akeller', '6rAZtcW&*x', 'Ashley', 'Keller', 'Patient'),
('PA041', 'cscott', '&oCW0jIap*', 'Chelsea', 'Scott', 'Patient'),
('PA042', 'dmathews', '(hBy0H4a77', 'Daniel', 'Mathews', 'Patient'),
('PA043', 'mwalker', '4PBOY4dT@4', 'Mary', 'Walker', 'Patient'),
('PA044', 'cmcdaniel', '$gNl2GdWio', 'Charles', 'Mcdaniel', 'Patient'),
('PA045', 'acochran', '4CVyR#3U%t', 'Ashley', 'Cochran', 'Patient'),
('PA046', 'dhernandez', '$5GqHm(@rn', 'Dennis', 'Hernandez', 'Patient'),
('PA047', 'fobrien', '(6HScEun5c', 'Francisco', 'Obrien', 'Patient'),
('PA048', 'lwilliams', '5BRtRje5%C', 'Linda', 'Williams', 'Patient'),
('PA049', 'mvilla', 'u0Y6k8zR!#', 'Michelle', 'Villa', 'Patient'),
('PA050', 'ccooper', '*t+2&PPwAg', 'Cody', 'Cooper', 'Patient'),
('PA051', 'mpace', '2LQ97Sbg%5', 'Marc', 'Pace', 'Patient'),
('PA052', 'ebishop', '0zR5E5hF$o', 'Edward', 'Bishop', 'Patient'),
('PA053', 'tmurillo', '_ZI_8GsTFZ', 'Todd', 'Murillo', 'Patient'),
('PA054', 'hstrickland', 'd*z1SfENiA', 'Howard', 'Strickland', 'Patient'),
('PA055', 'kyoung', ')3WUP1Dt#x', 'Kyle', 'Young', 'Patient'),
('PA056', 'jjames', 'H*S_1Zd3Y3', 'Jennifer', 'James', 'Patient'),
('PA057', 'pmitchell', 'x5_Uh)Uo&4', 'Paula', 'Mitchell', 'Patient'),
('PA058', 'jschroeder', '$6Rz9zOBh+', 'Jennifer', 'Schroeder', 'Patient'),
('PA059', 'cward', 'I6@f_hPt_j', 'Carla', 'Ward', 'Patient'),
('PA060', 'dtucker', '%fW^kZisO8', 'David', 'Tucker', 'Patient'),
('PA061', 'dclark', 'kFoF2cSa_t', 'David', 'Clark', 'Patient'),
('PA062', 'bclark', '+aoCdUYj17', 'Brandon', 'Clark', 'Patient'),
('PA063', 'rhendrix', 'J0sYRY+L@f', 'Rachel', 'Hendrix', 'Patient'),
('PA064', 'ccarrillo', '+7dyXhMj#L', 'Crystal', 'Carrillo', 'Patient'),
('PA065', 'bmaldonado', '(zZdH@4m21', 'Brandon', 'Maldonado', 'Patient'),
('PA066', 'wdiaz', '+DY^00Cz+2', 'Willie', 'Diaz', 'Patient'),
('PA067', 'jwilliams', '9cM8@vaQ*Q', 'Jonathan', 'Williams', 'Patient'),
('PA068', 'rjohnson', 'mcj6eJMnl&', 'Rodney', 'Johnson', 'Patient'),
('PA069', 'mhernandez', 'eQT&8UOj)P', 'Michael', 'Hernandez', 'Patient'),
('PA070', 'atrujillo', 'YOJ6Jaezs%', 'Antonio', 'Trujillo', 'Patient'),
('PA071', 'mcook', '#pFd7Cys%7', 'Mary', 'Cook', 'Patient'),
('PA072', 'jhall', 'y5*1GQ3aoU', 'John', 'Hall', 'Patient'),
('PA073', 'nchen', 'R*A+6MAkPi', 'Nichole', 'Chen', 'Patient'),
('PA074', 'sfuller', 'C&k6#rLoS0', 'Steven', 'Fuller', 'Patient'),
('PA075', 'scunningham', 'k1h!D%)f$W', 'Susan', 'Cunningham', 'Patient'),
('PA076', 'bharris', '&MQ3atZ4!8', 'Brandy', 'Harris', 'Patient'),
('PA077', 'rcross', '@54Q14d(*y', 'Ricky', 'Cross', 'Patient'),
('PA078', 'mbrown', 'm#V!5OWgeX', 'Misty', 'Brown', 'Patient'),
('PA079', 'jbentley', '#f7TBGAcRC', 'Jessica', 'Bentley', 'Patient'),
('PA080', 'mmontoya', 'dr^K#2Sh@0', 'Melvin', 'Montoya', 'Patient'),
('PA081', 'mnorton', 'aaI5O!El*2', 'Marc', 'Norton', 'Patient'),
('PA082', 'djohnson', 'h+18Co7y^K', 'Daniel', 'Johnson', 'Patient'),
('PA083', 'nmorgan', 'Al3GUCigb_', 'Nicole', 'Morgan', 'Patient'),
('PA084', 'ceaton', '*!7Iuaqi@D', 'Crystal', 'Eaton', 'Patient'),
('PA085', 'anicholson', '+7KCetRwy7', 'Antonio', 'Nicholson', 'Patient'),
('PA086', 'mgray', '1t5KoxqW%x', 'Manuel', 'Gray', 'Patient'),
('PA087', 'jyoung', 'V2BrqTdV_(', 'Judith', 'Young', 'Patient'),
('PA088', 'afisher', 'LoTO+9Iv!l', 'Amber', 'Fisher', 'Patient'),
('PA089', 'modom', 'Kcm3POJox+', 'Michael', 'Odom', 'Patient'),
('PA090', 'cgregory', '0i9L6^G7P&', 'Courtney', 'Gregory', 'Patient'),
('PA091', 'bfreeman', '$j%XsIusP4', 'Billy', 'Freeman', 'Patient'),
('PA092', 'ddean', '0)(1u9DnDG', 'Donna', 'Dean', 'Patient'),
('PA093', 'aford', 'mr3DveL_*G', 'Anna', 'Ford', 'Patient'),
('PA094', 'sharris', 'e&79NnuME1', 'Susan', 'Harris', 'Patient'),
('PA095', 'tpage', '4%6O)5XeQU', 'Travis', 'Page', 'Patient'),
('PA096', 'jscott', '_!&hI5ZjSZ', 'James', 'Scott', 'Patient'),
('PA097', 'tstevenson', '%8FHpinp7(', 'Tyrone', 'Stevenson', 'Patient'),
('PA098', 'amartinez', '3L5IPaz!q(', 'Albert', 'Martinez', 'Patient'),
('PA099', 'lroman', '8pcbSbPe@z', 'Lisa', 'Roman', 'Patient'),
('PA100', 'jlucas', '_4JHsqaw%j', 'John', 'Lucas', 'Patient');
 

INSERT INTO Patient (UserID, Gender, DateOfBirth, PhoneNumber, Email) 
VALUES
 
('PA001', 'Male', '1961-07-21', '876-458-8549', 'evanharrison58@example.com'),
('PA002', 'Female', '1983-10-14', '876-893-2727', 'benjaminwolfe97@example.com'),
('PA003', 'Female', '1962-04-15', '876-290-2706', 'joshuapalmer99@example.com'),
('PA004', 'Female', '1947-03-18', '876-533-6763', 'jennadyer67@example.com'),
('PA005', 'Male', '1954-07-21', '876-692-9187', 'mandyjackson29@example.com'),
('PA006', 'Female', '1945-07-06', '876-623-4587', 'kellymoss7@example.com'),
('PA007', 'Female', '1996-03-29', '876-671-6763', 'danieldavidson67@example.com'),
('PA008', 'Female', '1990-03-13', '876-203-3874', 'jonathanoconnell33@example.com'),
('PA009', 'Male', '1941-06-12', '876-963-9812', 'sandraberger35@example.com'),
('PA010', 'Female', '2000-03-03', '876-766-9179', 'kristenhall90@example.com'),
('PA011', 'Male', '1983-12-22', '876-758-4608', 'barbarajohnson98@example.com'),
('PA012', 'Male', '1944-12-07', '876-325-5907', 'tiffanyhawkins73@example.com'),
('PA013', 'Female', '1990-08-19', '876-823-3008', 'ruthcrane83@example.com'),
('PA014', 'Female', '2000-11-28', '876-696-3641', 'joshuahall4@example.com'),
('PA015', 'Male', '2000-03-25', '876-732-6603', 'robinwatson9@example.com'),
('PA016', 'Female', '1942-08-31', '876-932-5415', 'christopherwhite40@example.com'),
('PA017', 'Female', '1959-04-13', '876-838-1842', 'ryanmorris2@example.com'),
('PA018', 'Male', '1941-08-15', '876-100-5031', 'oliviamontgomery77@example.com'),
('PA019', 'Male', '1953-10-23', '876-980-4067', 'davidgibbs71@example.com'),
('PA020', 'Male', '2001-12-10', '876-600-9365', 'jasonsmith9@example.com'),
('PA021', 'Male', '1995-06-09', '876-647-3720', 'courtneyperez38@example.com'),
('PA022', 'Female', '1939-05-11', '876-983-3753', 'joannewman24@example.com'),
('PA023', 'Female', '1943-02-12', '876-770-3247', 'johnfuentes12@example.com'),
('PA024', 'Male', '1990-11-02', '876-374-3546', 'dustinedwards8@example.com'),
('PA025', 'Female', '1971-02-17', '876-993-9997', 'lucashenry64@example.com'),
('PA026', 'Male', '1998-01-05', '876-162-4293', 'gregoryadams50@example.com'),
('PA027', 'Male', '1992-04-18', '876-970-9705', 'crystaltran88@example.com'),
('PA028', 'Male', '1984-03-08', '876-461-5954', 'catherinegonzalez61@example.com'),
('PA029', 'Male', '1966-09-24', '876-396-2074', 'richardvalencia68@example.com'),
('PA030', 'Female', '1964-08-01', '876-188-3463', 'justinbailey8@example.com'),
('PA031', 'Male', '1952-10-16', '876-813-2885', 'sharonharris53@example.com'),
('PA032', 'Female', '1969-06-16', '876-473-4758', 'richardwilliams63@example.com'),
('PA033', 'Female', '1959-07-09', '876-798-6187', 'angelabuchanan45@example.com'),
('PA034', 'Female', '1943-05-03', '876-543-7271', 'jacobmccormick0@example.com'),
('PA035', 'Male', '1989-11-13', '876-152-9172', 'amberserrano1@example.com'),
('PA036', 'Male', '1948-02-23', '876-292-7900', 'matthewsantos76@example.com'),
('PA037', 'Female', '1990-09-16', '876-674-4655', 'meganmartinez13@example.com'),
('PA038', 'Male', '1976-10-15', '876-131-4324', 'colinparker49@example.com'),
('PA039', 'Female', '1965-08-13', '876-102-3012', 'barbaragonzalez82@example.com'),
('PA040', 'Male', '1983-06-17', '876-158-1055', 'ashleykeller28@example.com'),
('PA041', 'Male', '2004-06-20', '876-650-2678', 'chelseascott80@example.com'),
('PA042', 'Male', '1964-05-05', '876-501-7517', 'danielmathews7@example.com'),
('PA043', 'Male', '1997-03-26', '876-406-2414', 'marywalker95@example.com'),
('PA044', 'Male', '1935-03-26', '876-996-8719', 'charlesmcdaniel24@example.com'),
('PA045', 'Female', '1950-05-01', '876-437-8677', 'ashleycochran51@example.com'),
('PA046', 'Male', '1990-06-06', '876-794-2877', 'dennishernandez11@example.com'),
('PA047', 'Male', '1957-04-07', '876-382-4730', 'franciscoobrien90@example.com'),
('PA048', 'Female', '1965-12-07', '876-306-5619', 'lindawilliams28@example.com'),
('PA049', 'Male', '1939-03-03', '876-421-1031', 'michellevilla78@example.com'),
('PA050', 'Male', '1972-09-28', '876-966-1082', 'codycooper6@example.com'),
('PA051', 'Male', '1956-05-04', '876-279-6077', 'marcpace27@example.com'),
('PA052', 'Female', '1978-11-02', '876-327-1746', 'edwardbishop8@example.com'),
('PA053', 'Female', '1971-08-01', '876-712-1602', 'toddmurillo22@example.com'),
('PA054', 'Male', '1975-09-23', '876-169-4301', 'howardstrickland55@example.com'),
('PA055', 'Male', '1956-01-31', '876-396-5716', 'kyleyoung58@example.com'),
('PA056', 'Female', '1992-11-05', '876-839-9721', 'jenniferjames35@example.com'),
('PA057', 'Female', '1948-10-26', '876-530-7951', 'paulamitchell12@example.com'),
('PA058', 'Female', '1941-10-29', '876-641-2218', 'jenniferschroeder50@example.com'),
('PA059', 'Female', '1986-11-17', '876-125-2778', 'carlaward5@example.com'),
('PA060', 'Male', '1937-12-31', '876-699-3500', 'davidtucker81@example.com'),
('PA061', 'Female', '1984-03-10', '876-391-9096', 'davidclark95@example.com'),
('PA062', 'Male', '1944-09-15', '876-403-5232', 'brandonclark66@example.com'),
('PA063', 'Female', '1950-09-23', '876-582-7952', 'rachelhendrix62@example.com'),
('PA064', 'Female', '1984-05-18', '876-159-7157', 'crystalcarrillo73@example.com'),
('PA065', 'Male', '1992-04-17', '876-674-4447', 'brandonmaldonado33@example.com'),
('PA066', 'Male', '1967-11-10', '876-481-5372', 'williediaz52@example.com'),
('PA067', 'Female', '1937-07-20', '876-630-9424', 'jonathanwilliams0@example.com'),
('PA068', 'Female', '2000-05-14', '876-717-5201', 'rodneyjohnson25@example.com'),
('PA069', 'Female', '1941-01-22', '876-522-3164', 'michaelhernandez41@example.com'),
('PA070', 'Male', '1988-08-20', '876-742-2630', 'antoniotrujillo34@example.com'),
('PA071', 'Male', '1991-02-19', '876-838-6758', 'marycook54@example.com'),
('PA072', 'Male', '1969-11-18', '876-742-8681', 'johnhall49@example.com'),
('PA073', 'Male', '1993-07-31', '876-317-2800', 'nicholechen51@example.com'),
('PA074', 'Male', '1953-11-23', '876-547-1602', 'stevenfuller13@example.com'),
('PA075', 'Female', '2002-05-31', '876-358-9649', 'susancunningham36@example.com'),
('PA076', 'Female', '1937-06-06', '876-177-5220', 'brandyharris32@example.com'),
('PA077', 'Male', '1988-12-10', '876-601-7044', 'rickycross36@example.com'),
('PA078', 'Male', '1999-10-25', '876-240-7829', 'mistybrown37@example.com'),
('PA079', 'Male', '1952-10-05', '876-554-3958', 'jessicabentley26@example.com'),
('PA080', 'Female', '1964-05-29', '876-982-1749', 'melvinmontoya79@example.com'),
('PA081', 'Female', '1959-03-25', '876-660-7427', 'marcnorton31@example.com'),
('PA082', 'Male', '1987-04-18', '876-432-5141', 'danieljohnson17@example.com'),
('PA083', 'Male', '1970-09-01', '876-765-3511', 'nicolemorgan91@example.com'),
('PA084', 'Female', '1969-09-28', '876-242-2199', 'crystaleaton76@example.com'),
('PA085', 'Female', '1945-06-06', '876-956-6911', 'antonionicholson96@example.com'),
('PA086', 'Male', '1944-09-01', '876-741-6509', 'manuelgray15@example.com'),
('PA087', 'Female', '1966-05-21', '876-115-4217', 'judithyoung33@example.com'),
('PA088', 'Female', '1961-08-12', '876-731-6476', 'amberfisher18@example.com'),
('PA089', 'Female', '1985-10-03', '876-982-5813', 'michaelodom77@example.com'),
('PA090', 'Male', '1978-04-28', '876-604-3240', 'courtneygregory6@example.com'),
('PA091', 'Female', '1941-07-28', '876-604-3642', 'billyfreeman95@example.com'),
('PA092', 'Male', '2002-07-19', '876-922-6727', 'donnadean60@example.com'),
('PA093', 'Male', '1962-11-20', '876-882-3153', 'annaford31@example.com'),
('PA094', 'Female', '1939-02-07', '876-367-4460', 'susanharris80@example.com'),
('PA095', 'Male', '1980-07-31', '876-382-7219', 'travispage67@example.com'),
('PA096', 'Female', '1952-02-08', '876-580-1879', 'jamesscott14@example.com'),
('PA097', 'Female', '1936-01-17', '876-359-9276', 'tyronestevenson47@example.com'),
('PA098', 'Male', '1972-12-11', '876-220-1620', 'albertmartinez98@example.com'),
('PA099', 'Female', '2004-06-18', '876-276-4679', 'lisaroman88@example.com'),
('PA100', 'Female', '2006-03-12', '876-853-9989', 'johnlucas72@example.com');
 

INSERT INTO Appointment (appointmentID, priorityLevel, appointmentTime, appointmentLocation, appointmentType, appointmentStatus, userID, Provider) 
VALUES
 
('AP001', '0', '2024-06-12 17:00:00.241446', 'Andrews Memorial', NULL, 'Open', NULL, 'Dr. Smith'),
('AP002', '0', '2024-05-30 07:30:00.241446', 'Center C', NULL, 'Open', NULL, 'Dr. Smith'),
('AP003', '0', '2024-06-10 16:30:00.241446', 'Center C', NULL, 'Open', NULL, 'Dr. Lee'),
('AP004', '0', '2024-06-07 14:00:00.241446', 'Uwi Hospital', NULL, 'Open', NULL, 'Dr. Brown'),
('AP005', '0', '2024-05-30 08:30:00.242446', 'Uwi Hospital', NULL, 'Open', NULL, 'Dr. Johnson'),
('AP006', '0', '2024-06-13 07:00:00.242446', 'Andrews Memorial', NULL, 'Open', NULL, 'Dr. Lee'),
('AP007', '0', '2024-05-25 20:30:00.242446', 'Family Care Medical Centre', NULL, 'Open', NULL, 'Dr. White'),
('AP008', '0', '2024-05-15 14:30:00.242446', 'Andrews Memorial', NULL, 'Open', NULL, 'Dr. Smith'),
('AP009', '0', '2024-05-29 15:00:00.242446', 'Uwi Hospital', NULL, 'Open', NULL, 'Dr. White'),
('AP010', '0', '2024-05-25 19:00:00.242446', 'Uwi Hospital', NULL, 'Open', NULL, 'Dr. Johnson'),
('AP011', '0', '2024-06-05 12:00:00.242446', 'Center C', NULL, 'Open', NULL, 'Dr. Brown'),
('AP012', '0', '2024-06-10 17:00:00.242446', 'Center C', NULL, 'Open', NULL, 'Dr. Brown'),
('AP013', '0', '2024-06-03 21:00:00.242446', 'Andrews Memorial', NULL, 'Open', NULL, 'Dr. Johnson'),
('AP014', '0', '2024-06-01 17:30:00.242446', 'Uwi Hospital', NULL, 'Open', NULL, 'Dr. Brown'),
('AP015', '0', '2024-05-20 14:30:00.242446', 'Center C', NULL, 'Open', NULL, 'Dr. White'),
('AP016', '0', '2024-05-22 07:30:00.242446', 'Uwi Hospital', NULL, 'Open', NULL, 'Dr. Smith'),
('AP017', '0', '2024-06-02 14:30:00.242446', 'Andrews Memorial', NULL, 'Open', NULL, 'Dr. Johnson'),
('AP018', '0', '2024-05-19 21:00:00.242446', 'Uwi Hospital', NULL, 'Open', NULL, 'Dr. Lee'),
('AP019', '0', '2024-06-04 09:00:00.242446', 'Center C', NULL, 'Open', NULL, 'Dr. Johnson'),
('AP020', '0', '2024-05-24 11:30:00.242446', 'Uwi Hospital', NULL, 'Open', NULL, 'Dr. Lee'),
('AP021', '0', '2024-05-27 10:00:00.242446', 'Andrews Memorial', NULL, 'Open', NULL, 'Dr. Smith'),
('AP022', '0', '2024-06-03 17:00:00.242446', 'Center C', NULL, 'Open', NULL, 'Dr. Brown'),
('AP023', '0', '2024-06-11 20:30:00.242446', 'Andrews Memorial', NULL, 'Open', NULL, 'Dr. Lee'),
('AP024', '0', '2024-06-07 17:00:00.243449', 'Uwi Hospital', NULL, 'Open', NULL, 'Dr. Johnson'),
('AP025', '0', '2024-05-23 11:30:00.243449', 'Uwi Hospital', NULL, 'Open', NULL, 'Dr. Johnson'),
('AP026', '0', '2024-05-27 15:00:00.243449', 'Uwi Hospital', NULL, 'Open', NULL, 'Dr. Johnson'),
('AP027', '0', '2024-06-12 12:30:00.243449', 'Center C', NULL, 'Open', NULL, 'Dr. Brown'),
('AP028', '0', '2024-05-25 19:30:00.243449', 'Uwi Hospital', NULL, 'Open', NULL, 'Dr. White'),
('AP029', '0', '2024-05-25 18:30:00.243449', 'Andrews Memorial', NULL, 'Open', NULL, 'Dr. Brown'),
('AP030', '0', '2024-05-31 08:30:00.243449', 'Andrews Memorial', NULL, 'Open', NULL, 'Dr. Brown'),
('AP031', '0', '2024-05-24 18:00:00.243449', 'Family Care Medical Centre', NULL, 'Open', NULL, 'Dr. Johnson'),
('AP032', '0', '2024-06-07 11:00:00.243449', 'Center C', NULL, 'Open', NULL, 'Dr. White'),
('AP033', '0', '2024-05-29 07:30:00.243449', 'Center C', NULL, 'Open', NULL, 'Dr. Lee'),
('AP034', '0', '2024-05-23 19:00:00.243449', 'Family Care Medical Centre', NULL, 'Open', NULL, 'Dr. Brown'),
('AP035', '0', '2024-06-06 12:30:00.243449', 'Family Care Medical Centre', NULL, 'Open', NULL, 'Dr. Johnson'),
('AP036', '0', '2024-06-06 15:00:00.243449', 'Center C', NULL, 'Open', NULL, 'Dr. Smith'),
('AP037', '0', '2024-06-03 17:30:00.243449', 'Uwi Hospital', NULL, 'Open', NULL, 'Dr. Lee'),
('AP038', '0', '2024-06-10 21:00:00.243449', 'Center C', NULL, 'Open', NULL, 'Dr. Smith'),
('AP039', '0', '2024-06-07 17:00:00.243960', 'Uwi Hospital', NULL, 'Open', NULL, 'Dr. White'),
('AP040', '0', '2024-05-27 09:00:00.243960', 'Family Care Medical Centre', NULL, 'Open', NULL, 'Dr. Smith'),
('AP041', '0', '2024-05-29 17:00:00.243960', 'Family Care Medical Centre', NULL, 'Open', NULL, 'Dr. Brown'),
('AP042', '0', '2024-06-12 10:30:00.243960', 'Family Care Medical Centre', NULL, 'Open', NULL, 'Dr. Smith'),
('AP043', '0', '2024-05-18 20:30:00.243960', 'Andrews Memorial', NULL, 'Open', NULL, 'Dr. Lee'),
('AP044', '0', '2024-05-28 16:30:00.243960', 'Andrews Memorial', NULL, 'Open', NULL, 'Dr. Lee'),
('AP045', '0', '2024-06-07 21:00:00.243960', 'Andrews Memorial', NULL, 'Open', NULL, 'Dr. Johnson'),
('AP046', '0', '2024-05-15 11:00:00.243960', 'Center C', NULL, 'Open', NULL, 'Dr. Smith'),
('AP047', '0', '2024-06-13 07:00:00.243960', 'Family Care Medical Centre', NULL, 'Open', NULL, 'Dr. Brown'),
('AP048', '0', '2024-06-05 13:30:00.243960', 'Andrews Memorial', NULL, 'Open', NULL, 'Dr. Smith'),
('AP049', '0', '2024-06-12 19:30:00.243960', 'Andrews Memorial', NULL, 'Open', NULL, 'Dr. Smith'),
('AP050', '0', '2024-05-17 18:00:00.243960', 'Center C', NULL, 'Open', NULL, 'Dr. Brown'),
('AP051', '0', '2024-06-01 18:30:00.243960', 'Family Care Medical Centre', NULL, 'Open', NULL, 'Dr. White'),
('AP052', '0', '2024-06-13 13:00:00.243960', 'Family Care Medical Centre', NULL, 'Open', NULL, 'Dr. White'),
('AP053', '0', '2024-06-06 17:00:00.243960', 'Andrews Memorial', NULL, 'Open', NULL, 'Dr. Lee'),
('AP054', '0', '2024-05-18 19:30:00.243960', 'Center C', NULL, 'Open', NULL, 'Dr. Johnson'),
('AP055', '0', '2024-06-10 07:00:00.243960', 'Family Care Medical Centre', NULL, 'Open', NULL, 'Dr. Brown'),
('AP056', '0', '2024-06-12 14:00:00.243960', 'Uwi Hospital', NULL, 'Open', NULL, 'Dr. Smith'),
('AP057', '0', '2024-06-04 09:30:00.243960', 'Andrews Memorial', NULL, 'Open', NULL, 'Dr. Brown'),
('AP058', '0', '2024-06-11 16:30:00.244975', 'Family Care Medical Centre', NULL, 'Open', NULL, 'Dr. Smith'),
('AP059', '0', '2024-06-05 21:00:00.244975', 'Uwi Hospital', NULL, 'Open', NULL, 'Dr. Johnson'),
('AP060', '0', '2024-05-19 15:00:00.244975', 'Uwi Hospital', NULL, 'Open', NULL, 'Dr. Smith'),
('AP061', '0', '2024-06-08 11:00:00.244975', 'Andrews Memorial', NULL, 'Open', NULL, 'Dr. Lee'),
('AP062', '0', '2024-06-06 18:30:00.244975', 'Uwi Hospital', NULL, 'Open', NULL, 'Dr. Johnson'),
('AP063', '0', '2024-05-25 14:00:00.244975', 'Family Care Medical Centre', NULL, 'Open', NULL, 'Dr. Brown'),
('AP064', '0', '2024-05-15 21:00:00.244975', 'Family Care Medical Centre', NULL, 'Open', NULL, 'Dr. Johnson'),
('AP065', '0', '2024-05-25 20:30:00.244975', 'Center C', NULL, 'Open', NULL, 'Dr. Brown'),
('AP066', '0', '2024-05-21 21:00:00.244975', 'Family Care Medical Centre', NULL, 'Open', NULL, 'Dr. Johnson'),
('AP067', '0', '2024-06-09 10:30:00.244975', 'Andrews Memorial', NULL, 'Open', NULL, 'Dr. Brown'),
('AP068', '0', '2024-05-26 09:30:00.244975', 'Family Care Medical Centre', NULL, 'Open', NULL, 'Dr. Smith'),
('AP069', '0', '2024-05-20 16:30:00.244975', 'Uwi Hospital', NULL, 'Open', NULL, 'Dr. Brown'),
('AP070', '0', '2024-06-10 15:00:00.244975', 'Uwi Hospital', NULL, 'Open', NULL, 'Dr. White'),
('AP071', '0', '2024-06-12 09:30:00.244975', 'Uwi Hospital', NULL, 'Open', NULL, 'Dr. Smith'),
('AP072', '0', '2024-05-27 19:00:00.244975', 'Uwi Hospital', NULL, 'Open', NULL, 'Dr. Smith'),
('AP073', '0', '2024-05-28 16:00:00.244975', 'Family Care Medical Centre', NULL, 'Open', NULL, 'Dr. Brown'),
('AP074', '0', '2024-05-30 18:30:00.244975', 'Uwi Hospital', NULL, 'Open', NULL, 'Dr. Lee'),
('AP075', '0', '2024-05-23 07:30:00.244975', 'Uwi Hospital', NULL, 'Open', NULL, 'Dr. Johnson'),
('AP076', '0', '2024-05-25 12:00:00.244975', 'Center C', NULL, 'Open', NULL, 'Dr. Lee'),
('AP077', '0', '2024-06-02 12:30:00.244975', 'Uwi Hospital', NULL, 'Open', NULL, 'Dr. Johnson'),
('AP078', '0', '2024-05-21 14:30:00.244975', 'Andrews Memorial', NULL, 'Open', NULL, 'Dr. Smith'),
('AP079', '0', '2024-06-03 15:30:00.244975', 'Andrews Memorial', NULL, 'Open', NULL, 'Dr. Lee'),
('AP080', '0', '2024-06-12 09:00:00.244975', 'Family Care Medical Centre', NULL, 'Open', NULL, 'Dr. Brown'),
('AP081', '0', '2024-05-23 10:00:00.244975', 'Family Care Medical Centre', NULL, 'Open', NULL, 'Dr. White'),
('AP082', '0', '2024-05-24 14:30:00.244975', 'Uwi Hospital', NULL, 'Open', NULL, 'Dr. Smith'),
('AP083', '0', '2024-05-26 17:30:00.245973', 'Uwi Hospital', NULL, 'Open', NULL, 'Dr. Lee'),
('AP084', '0', '2024-06-05 12:00:00.245973', 'Andrews Memorial', NULL, 'Open', NULL, 'Dr. Smith'),
('AP085', '0', '2024-05-20 17:00:00.245973', 'Andrews Memorial', NULL, 'Open', NULL, 'Dr. Lee'),
('AP086', '0', '2024-05-24 12:00:00.245973', 'Family Care Medical Centre', NULL, 'Open', NULL, 'Dr. White'),
('AP087', '0', '2024-05-25 08:00:00.245973', 'Family Care Medical Centre', NULL, 'Open', NULL, 'Dr. Johnson'),
('AP088', '0', '2024-05-31 13:00:00.245973', 'Family Care Medical Centre', NULL, 'Open', NULL, 'Dr. White'),
('AP089', '0', '2024-05-19 13:00:00.245973', 'Family Care Medical Centre', NULL, 'Open', NULL, 'Dr. White'),
('AP090', '0', '2024-05-22 15:30:00.245973', 'Family Care Medical Centre', NULL, 'Open', NULL, 'Dr. Lee'),
('AP091', '0', '2024-05-31 13:00:00.245973', 'Uwi Hospital', NULL, 'Open', NULL, 'Dr. Smith'),
('AP092', '0', '2024-06-10 09:00:00.245973', 'Center C', NULL, 'Open', NULL, 'Dr. Lee'),
('AP093', '0', '2024-06-08 10:00:00.245973', 'Family Care Medical Centre', NULL, 'Open', NULL, 'Dr. Johnson'),
('AP094', '0', '2024-05-29 08:30:00.245973', 'Andrews Memorial', NULL, 'Open', NULL, 'Dr. Brown'),
('AP095', '0', '2024-05-24 10:30:00.245973', 'Uwi Hospital', NULL, 'Open', NULL, 'Dr. Brown'),
('AP096', '0', '2024-05-15 07:30:00.245973', 'Family Care Medical Centre', NULL, 'Open', NULL, 'Dr. White'),
('AP097', '0', '2024-06-05 14:30:00.245973', 'Center C', NULL, 'Open', NULL, 'Dr. White'),
('AP098', '0', '2024-05-23 11:00:00.245973', 'Family Care Medical Centre', NULL, 'Open', NULL, 'Dr. Johnson'),
('AP099', '0', '2024-05-19 07:00:00.245973', 'Center C', NULL, 'Open', NULL, 'Dr. Lee'),
('AP100', '0', '2024-05-15 10:30:00.245973', 'Uwi Hospital', NULL, 'Open', NULL, 'Dr. Lee'),
('AP101', '0', '2024-06-13 13:30:00.245973', 'Center C', NULL, 'Open', NULL, 'Dr. Brown'),
('AP102', '0', '2024-06-02 16:30:00.245973', 'Center C', NULL, 'Open', NULL, 'Dr. Smith'),
('AP103', '0', '2024-06-06 07:00:00.245973', 'Family Care Medical Centre', NULL, 'Open', NULL, 'Dr. Brown'),
('AP104', '0', '2024-05-18 15:00:00.245973', 'Center C', NULL, 'Open', NULL, 'Dr. Smith'),
('AP105', '0', '2024-06-05 16:00:00.245973', 'Family Care Medical Centre', NULL, 'Open', NULL, 'Dr. Brown'),
('AP106', '0', '2024-06-04 13:30:00.245973', 'Family Care Medical Centre', NULL, 'Open', NULL, 'Dr. Smith'),
('AP107', '0', '2024-06-05 16:30:00.245973', 'Uwi Hospital', NULL, 'Open', NULL, 'Dr. Lee'),
('AP108', '0', '2024-06-08 20:30:00.245973', 'Andrews Memorial', NULL, 'Open', NULL, 'Dr. White'),
('AP109', '0', '2024-05-31 20:00:00.245973', 'Uwi Hospital', NULL, 'Open', NULL, 'Dr. Lee'),
('AP110', '0', '2024-06-07 17:30:00.245973', 'Center C', NULL, 'Open', NULL, 'Dr. White'),
('AP111', '0', '2024-05-18 17:00:00.245973', 'Andrews Memorial', NULL, 'Open', NULL, 'Dr. Lee'),
('AP112', '0', '2024-05-27 15:00:00.245973', 'Uwi Hospital', NULL, 'Open', NULL, 'Dr. Brown'),
('AP113', '0', '2024-06-06 07:00:00.245973', 'Center C', NULL, 'Open', NULL, 'Dr. White'),
('AP114', '0', '2024-05-30 17:00:00.245973', 'Uwi Hospital', NULL, 'Open', NULL, 'Dr. Smith'),
('AP115', '0', '2024-06-02 09:30:00.245973', 'Uwi Hospital', NULL, 'Open', NULL, 'Dr. Brown'),
('AP116', '0', '2024-06-06 14:30:00.245973', 'Center C', NULL, 'Open', NULL, 'Dr. Smith'),
('AP117', '0', '2024-06-04 21:30:00.245973', 'Family Care Medical Centre', NULL, 'Open', NULL, 'Dr. Smith'),
('AP118', '0', '2024-05-19 13:30:00.245973', 'Center C', NULL, 'Open', NULL, 'Dr. Lee'),
('AP119', '0', '2024-06-11 17:30:00.247274', 'Uwi Hospital', NULL, 'Open', NULL, 'Dr. Lee'),
('AP120', '0', '2024-05-25 13:00:00.247274', 'Andrews Memorial', NULL, 'Open', NULL, 'Dr. Smith'),
('AP121', '0', '2024-06-07 07:30:00.247274', 'Family Care Medical Centre', NULL, 'Open', NULL, 'Dr. Brown'),
('AP122', '0', '2024-06-04 09:00:00.247274', 'Andrews Memorial', NULL, 'Open', NULL, 'Dr. Lee'),
('AP123', '0', '2024-05-21 17:30:00.247274', 'Andrews Memorial', NULL, 'Open', NULL, 'Dr. White'),
('AP124', '0', '2024-05-24 10:00:00.247274', 'Andrews Memorial', NULL, 'Open', NULL, 'Dr. Lee'),
('AP125', '0', '2024-05-30 21:30:00.247274', 'Center C', NULL, 'Open', NULL, 'Dr. Lee'),
('AP126', '0', '2024-05-25 10:00:00.247274', 'Family Care Medical Centre', NULL, 'Open', NULL, 'Dr. White'),
('AP127', '0', '2024-06-05 19:00:00.247274', 'Andrews Memorial', NULL, 'Open', NULL, 'Dr. Brown'),
('AP128', '0', '2024-05-18 09:00:00.247274', 'Uwi Hospital', NULL, 'Open', NULL, 'Dr. White'),
('AP129', '0', '2024-06-07 11:00:00.247274', 'Center C', NULL, 'Open', NULL, 'Dr. Lee'),
('AP130', '0', '2024-06-03 07:00:00.247274', 'Center C', NULL, 'Open', NULL, 'Dr. Brown'),
('AP131', '0', '2024-06-05 16:30:00.247274', 'Center C', NULL, 'Open', NULL, 'Dr. Smith'),
('AP132', '0', '2024-06-01 08:30:00.247274', 'Center C', NULL, 'Open', NULL, 'Dr. Smith'),
('AP133', '0', '2024-05-23 11:30:00.247274', 'Uwi Hospital', NULL, 'Open', NULL, 'Dr. Lee'),
('AP134', '0', '2024-05-27 16:30:00.247274', 'Uwi Hospital', NULL, 'Open', NULL, 'Dr. White'),
('AP135', '0', '2024-06-09 15:30:00.247274', 'Family Care Medical Centre', NULL, 'Open', NULL, 'Dr. Lee'),
('AP136', '0', '2024-05-31 12:30:00.247274', 'Center C', NULL, 'Open', NULL, 'Dr. Johnson'),
('AP137', '0', '2024-06-12 10:00:00.247274', 'Andrews Memorial', NULL, 'Open', NULL, 'Dr. Smith'),
('AP138', '0', '2024-06-12 20:30:00.247274', 'Andrews Memorial', NULL, 'Open', NULL, 'Dr. Johnson'),
('AP139', '0', '2024-05-29 07:00:00.247274', 'Uwi Hospital', NULL, 'Open', NULL, 'Dr. Brown'),
('AP140', '0', '2024-06-08 19:30:00.247274', 'Family Care Medical Centre', NULL, 'Open', NULL, 'Dr. Brown'),
('AP141', '0', '2024-06-13 13:30:00.247274', 'Family Care Medical Centre', NULL, 'Open', NULL, 'Dr. Brown'),
('AP142', '0', '2024-05-16 16:00:00.247274', 'Uwi Hospital', NULL, 'Open', NULL, 'Dr. Johnson'),
('AP143', '0', '2024-05-26 15:00:00.247274', 'Andrews Memorial', NULL, 'Open', NULL, 'Dr. White'),
('AP144', '0', '2024-06-01 08:00:00.247274', 'Center C', NULL, 'Open', NULL, 'Dr. Brown'),
('AP145', '0', '2024-05-16 14:00:00.247274', 'Andrews Memorial', NULL, 'Open', NULL, 'Dr. Johnson'),
('AP146', '0', '2024-05-21 13:30:00.247274', 'Andrews Memorial', NULL, 'Open', NULL, 'Dr. Brown'),
('AP147', '0', '2024-06-11 19:30:00.247274', 'Uwi Hospital', NULL, 'Open', NULL, 'Dr. Lee'),
('AP148', '0', '2024-06-09 18:30:00.247274', 'Center C', NULL, 'Open', NULL, 'Dr. White'),
('AP149', '0', '2024-06-13 18:00:00.247274', 'Center C', NULL, 'Open', NULL, 'Dr. Lee'),
('AP150', '0', '2024-05-29 14:30:00.247274', 'Uwi Hospital', NULL, 'Open', NULL, 'Dr. Johnson'),
('AP151', '0', '2024-05-19 21:30:00.247274', 'Center C', NULL, 'Open', NULL, 'Dr. Lee'),
('AP152', '0', '2024-06-06 08:30:00.248285', 'Uwi Hospital', NULL, 'Open', NULL, 'Dr. Lee'),
('AP153', '0', '2024-05-23 08:30:00.248285', 'Center C', NULL, 'Open', NULL, 'Dr. Brown'),
('AP154', '0', '2024-06-03 19:30:00.248285', 'Andrews Memorial', NULL, 'Open', NULL, 'Dr. Smith'),
('AP155', '0', '2024-05-22 21:30:00.248285', 'Family Care Medical Centre', NULL, 'Open', NULL, 'Dr. Brown'),
('AP156', '0', '2024-05-18 13:30:00.248285', 'Family Care Medical Centre', NULL, 'Open', NULL, 'Dr. White'),
('AP157', '0', '2024-05-22 19:00:00.248285', 'Uwi Hospital', NULL, 'Open', NULL, 'Dr. Johnson'),
('AP158', '0', '2024-05-18 14:00:00.248285', 'Family Care Medical Centre', NULL, 'Open', NULL, 'Dr. White'),
('AP159', '0', '2024-06-11 19:30:00.248285', 'Center C', NULL, 'Open', NULL, 'Dr. Lee'),
('AP160', '0', '2024-05-24 16:00:00.248285', 'Uwi Hospital', NULL, 'Open', NULL, 'Dr. White'),
('AP161', '0', '2024-05-24 16:30:00.248285', 'Center C', NULL, 'Open', NULL, 'Dr. Lee'),
('AP162', '0', '2024-05-26 11:00:00.248285', 'Uwi Hospital', NULL, 'Open', NULL, 'Dr. White'),
('AP163', '0', '2024-06-12 09:00:00.248285', 'Family Care Medical Centre', NULL, 'Open', NULL, 'Dr. Johnson'),
('AP164', '0', '2024-05-25 21:30:00.248285', 'Family Care Medical Centre', NULL, 'Open', NULL, 'Dr. Brown'),
('AP165', '0', '2024-05-24 16:00:00.248285', 'Family Care Medical Centre', NULL, 'Open', NULL, 'Dr. Brown'),
('AP166', '0', '2024-05-23 19:00:00.248285', 'Family Care Medical Centre', NULL, 'Open', NULL, 'Dr. Johnson'),
('AP167', '0', '2024-05-30 19:30:00.248285', 'Center C', NULL, 'Open', NULL, 'Dr. Smith'),
('AP168', '0', '2024-05-22 12:00:00.248285', 'Uwi Hospital', NULL, 'Open', NULL, 'Dr. Brown'),
('AP169', '0', '2024-05-31 10:30:00.248285', 'Center C', NULL, 'Open', NULL, 'Dr. Johnson'),
('AP170', '0', '2024-06-10 17:00:00.248285', 'Uwi Hospital', NULL, 'Open', NULL, 'Dr. White'),
('AP171', '0', '2024-05-17 18:00:00.248285', 'Center C', NULL, 'Open', NULL, 'Dr. Johnson'),
('AP172', '0', '2024-05-15 07:30:00.248285', 'Andrews Memorial', NULL, 'Open', NULL, 'Dr. Johnson'),
('AP173', '0', '2024-05-18 10:00:00.248285', 'Center C', NULL, 'Open', NULL, 'Dr. Johnson'),
('AP174', '0', '2024-05-30 12:30:00.248285', 'Center C', NULL, 'Open', NULL, 'Dr. Smith'),
('AP175', '0', '2024-05-19 11:00:00.248285', 'Center C', NULL, 'Open', NULL, 'Dr. Smith'),
('AP176', '0', '2024-05-24 09:00:00.248285', 'Andrews Memorial', NULL, 'Open', NULL, 'Dr. Brown'),
('AP177', '0', '2024-06-10 12:30:00.248285', 'Uwi Hospital', NULL, 'Open', NULL, 'Dr. Johnson'),
('AP178', '0', '2024-05-26 18:00:00.248285', 'Andrews Memorial', NULL, 'Open', NULL, 'Dr. White'),
('AP179', '0', '2024-06-13 19:00:00.248285', 'Center C', NULL, 'Open', NULL, 'Dr. Johnson'),
('AP180', '0', '2024-05-27 08:30:00.248285', 'Uwi Hospital', NULL, 'Open', NULL, 'Dr. Smith'),
('AP181', '0', '2024-05-23 09:30:00.248285', 'Andrews Memorial', NULL, 'Open', NULL, 'Dr. White'),
('AP182', '0', '2024-06-02 16:30:00.248285', 'Andrews Memorial', NULL, 'Open', NULL, 'Dr. White'),
('AP183', '0', '2024-05-24 20:30:00.248285', 'Andrews Memorial', NULL, 'Open', NULL, 'Dr. Brown'),
('AP184', '0', '2024-06-11 21:00:00.248285', 'Uwi Hospital', NULL, 'Open', NULL, 'Dr. Brown'),
('AP185', '0', '2024-05-24 19:30:00.248285', 'Uwi Hospital', NULL, 'Open', NULL, 'Dr. Brown'),
('AP186', '0', '2024-05-21 21:30:00.249284', 'Center C', NULL, 'Open', NULL, 'Dr. Brown'),
('AP187', '0', '2024-05-30 21:30:00.249284', 'Family Care Medical Centre', NULL, 'Open', NULL, 'Dr. White'),
('AP188', '0', '2024-05-19 20:30:00.249284', 'Uwi Hospital', NULL, 'Open', NULL, 'Dr. Brown'),
('AP189', '0', '2024-06-11 07:30:00.249284', 'Uwi Hospital', NULL, 'Open', NULL, 'Dr. Johnson'),
('AP190', '0', '2024-05-21 20:00:00.249284', 'Uwi Hospital', NULL, 'Open', NULL, 'Dr. Lee'),
('AP191', '0', '2024-06-04 18:00:00.249284', 'Center C', NULL, 'Open', NULL, 'Dr. White'),
('AP192', '0', '2024-05-26 21:00:00.249284', 'Family Care Medical Centre', NULL, 'Open', NULL, 'Dr. White'),
('AP193', '0', '2024-05-19 21:00:00.249284', 'Center C', NULL, 'Open', NULL, 'Dr. Brown'),
('AP194', '0', '2024-05-28 20:00:00.249284', 'Uwi Hospital', NULL, 'Open', NULL, 'Dr. Lee'),
('AP195', '0', '2024-05-21 15:00:00.249284', 'Center C', NULL, 'Open', NULL, 'Dr. Johnson'),
('AP196', '0', '2024-05-30 13:00:00.249284', 'Center C', NULL, 'Open', NULL, 'Dr. White'),
('AP197', '0', '2024-06-10 12:30:00.249284', 'Andrews Memorial', NULL, 'Open', NULL, 'Dr. White'),
('AP198', '0', '2024-05-15 08:30:00.249284', 'Center C', NULL, 'Open', NULL, 'Dr. Lee'),
('AP199', '0', '2024-06-09 11:00:00.250288', 'Andrews Memorial', NULL, 'Open', NULL, 'Dr. White'),
('AP200', '0', '2024-06-12 21:30:00.250288', 'Uwi Hospital', NULL, 'Open', NULL, 'Dr. Brown');
 

INSERT INTO Preference (UserID, PreferenceID, Type, Provider, Location, TimeOfDay) 
VALUES
 
('PA017', 'PR001', 'In-Person', 'Dr. White', 'Family Care Medical Centre', 'Evening'),
('PA074', 'PR002', 'In-Person', 'Dr. Johnson', 'Andrews Memorial', 'Afternoon'),
('PA066', 'PR003', 'In-Person', 'Dr. Smith', 'Center C', 'Afternoon'),
('PA041', 'PR004', 'In-Person', 'Dr. Smith', 'Center C', 'Evening'),
('PA086', 'PR005', 'In-Person', 'Dr. Smith', 'Uwi Hospital', 'Evening'),
('PA053', 'PR006', 'In-Person', 'Dr. Johnson', 'Andrews Memorial', 'Afternoon'),
('PA060', 'PR007', 'In-Person', 'Dr. Brown', 'Uwi Hospital', 'Evening'),
('PA043', 'PR008', 'In-Person', 'Dr. White', 'Uwi Hospital', 'Afternoon'),
('PA029', 'PR009', 'Video Call', 'Dr. Smith', 'Andrews Memorial', 'Evening'),
('PA006', 'PR010', 'Video Call', 'Dr. Smith', 'Family Care Medical Centre', 'Afternoon'),
('PA091', 'PR011', 'In-Person', 'Dr. Johnson', 'Family Care Medical Centre', 'Afternoon'),
('PA090', 'PR012', 'In-Person', 'Dr. Lee', 'Family Care Medical Centre', 'Evening'),
('PA040', 'PR013', 'In-Person', 'Dr. Johnson', 'Andrews Memorial', 'Afternoon'),
('PA098', 'PR014', 'Video Call', 'Dr. White', 'Uwi Hospital', 'Evening'),
('PA004', 'PR015', 'In-Person', 'Dr. Brown', 'Andrews Memorial', 'Afternoon'),
('PA019', 'PR016', 'In-Person', 'Dr. Smith', 'Andrews Memorial', 'Afternoon'),
('PA042', 'PR017', 'Video Call', 'Dr. Brown', 'Uwi Hospital', 'Afternoon'),
('PA020', 'PR018', 'In-Person', 'Dr. White', 'Uwi Hospital', 'Afternoon'),
('PA005', 'PR019', 'In-Person', 'Dr. Brown', 'Family Care Medical Centre', 'Afternoon'),
('PA012', 'PR020', 'In-Person', 'Dr. Brown', 'Center C', 'Evening'),
('PA018', 'PR021', 'In-Person', 'Dr. Lee', 'Center C', 'Morning'),
('PA079', 'PR022', 'Video Call', 'Dr. Johnson', 'Andrews Memorial', 'Morning'),
('PA087', 'PR023', 'Phone Call', 'Dr. Lee', 'Uwi Hospital', 'Morning'),
('PA024', 'PR024', 'In-Person', 'Dr. White', 'Uwi Hospital', 'Afternoon'),
('PA057', 'PR025', 'In-Person', 'Dr. Lee', 'Family Care Medical Centre', 'Evening'),
('PA068', 'PR026', 'Video Call', 'Dr. Lee', 'Family Care Medical Centre', 'Morning'),
('PA096', 'PR027', 'In-Person', 'Dr. White', 'Andrews Memorial', 'Evening'),
('PA035', 'PR028', 'In-Person', 'Dr. Brown', 'Center C', 'Morning'),
('PA100', 'PR029', 'In-Person', 'Dr. White', 'Uwi Hospital', 'Morning'),
('PA001', 'PR030', 'Phone Call', 'Dr. Lee', 'Family Care Medical Centre', 'Afternoon'),
('PA075', 'PR031', 'In-Person', 'Dr. Brown', 'Andrews Memorial', 'Morning'),
('PA036', 'PR032', 'In-Person', 'Dr. Lee', 'Family Care Medical Centre', 'Morning'),
('PA048', 'PR033', 'In-Person', 'Dr. Brown', 'Andrews Memorial', 'Afternoon'),
('PA073', 'PR034', 'Video Call', 'Dr. Johnson', 'Andrews Memorial', 'Morning'),
('PA051', 'PR035', 'In-Person', 'Dr. Smith', 'Uwi Hospital', 'Morning'),
('PA084', 'PR036', 'Phone Call', 'Dr. Brown', 'Andrews Memorial', 'Morning'),
('PA067', 'PR037', 'In-Person', 'Dr. Smith', 'Uwi Hospital', 'Morning'),
('PA016', 'PR038', 'In-Person', 'Dr. Johnson', 'Uwi Hospital', 'Morning'),
('PA059', 'PR039', 'Video Call', 'Dr. Johnson', 'Family Care Medical Centre', 'Morning'),
('PA071', 'PR040', 'In-Person', 'Dr. Johnson', 'Uwi Hospital', 'Morning'),
('PA031', 'PR041', 'In-Person', 'Dr. White', 'Center C', 'Morning'),
('PA032', 'PR042', 'Video Call', 'Dr. Johnson', 'Andrews Memorial', 'Afternoon'),
('PA025', 'PR043', 'In-Person', 'Dr. White', 'Andrews Memorial', 'Morning'),
('PA039', 'PR044', 'In-Person', 'Dr. Lee', 'Andrews Memorial', 'Evening'),
('PA037', 'PR045', 'In-Person', 'Dr. White', 'Center C', 'Morning'),
('PA062', 'PR046', 'Phone Call', 'Dr. White', 'Uwi Hospital', 'Morning'),
('PA052', 'PR047', 'In-Person', 'Dr. Johnson', 'Family Care Medical Centre', 'Afternoon'),
('PA022', 'PR048', 'In-Person', 'Dr. Brown', 'Andrews Memorial', 'Afternoon'),
('PA015', 'PR049', 'In-Person', 'Dr. Johnson', 'Andrews Memorial', 'Morning'),
('PA063', 'PR050', 'Phone Call', 'Dr. Lee', 'Andrews Memorial', 'Evening'),
('PA097', 'PR051', 'Phone Call', 'Dr. Lee', 'Family Care Medical Centre', 'Afternoon'),
('PA092', 'PR052', 'In-Person', 'Dr. Lee', 'Andrews Memorial', 'Morning'),
('PA033', 'PR053', 'In-Person', 'Dr. White', 'Andrews Memorial', 'Evening'),
('PA023', 'PR054', 'In-Person', 'Dr. Johnson', 'Andrews Memorial', 'Morning'),
('PA093', 'PR055', 'Phone Call', 'Dr. Johnson', 'Andrews Memorial', 'Afternoon'),
('PA065', 'PR056', 'In-Person', 'Dr. Lee', 'Andrews Memorial', 'Evening'),
('PA078', 'PR057', 'In-Person', 'Dr. White', 'Andrews Memorial', 'Afternoon'),
('PA056', 'PR058', 'In-Person', 'Dr. Smith', 'Andrews Memorial', 'Afternoon'),
('PA038', 'PR059', 'Phone Call', 'Dr. White', 'Andrews Memorial', 'Afternoon'),
('PA058', 'PR060', 'Video Call', 'Dr. White', 'Uwi Hospital', 'Evening'),
('PA094', 'PR061', 'In-Person', 'Dr. Smith', 'Andrews Memorial', 'Afternoon'),
('PA021', 'PR062', 'In-Person', 'Dr. Smith', 'Uwi Hospital', 'Afternoon'),
('PA072', 'PR063', 'In-Person', 'Dr. Johnson', 'Andrews Memorial', 'Afternoon'),
('PA070', 'PR064', 'In-Person', 'Dr. Smith', 'Family Care Medical Centre', 'Evening'),
('PA089', 'PR065', 'Phone Call', 'Dr. Smith', 'Uwi Hospital', 'Afternoon'),
('PA095', 'PR066', 'In-Person', 'Dr. Brown', 'Uwi Hospital', 'Afternoon'),
('PA083', 'PR067', 'In-Person', 'Dr. Brown', 'Andrews Memorial', 'Morning'),
('PA054', 'PR068', 'In-Person', 'Dr. Johnson', 'Center C', 'Afternoon'),
('PA013', 'PR069', 'In-Person', 'Dr. Lee', 'Andrews Memorial', 'Afternoon'),
('PA009', 'PR070', 'In-Person', 'Dr. Johnson', 'Uwi Hospital', 'Morning'),
('PA082', 'PR071', 'In-Person', 'Dr. Brown', 'Andrews Memorial', 'Afternoon'),
('PA007', 'PR072', 'Phone Call', 'Dr. Brown', 'Andrews Memorial', 'Afternoon'),
('PA008', 'PR073', 'Video Call', 'Dr. Smith', 'Family Care Medical Centre', 'Morning'),
('PA069', 'PR074', 'Video Call', 'Dr. Johnson', 'Andrews Memorial', 'Evening'),
('PA047', 'PR075', 'In-Person', 'Dr. Brown', 'Andrews Memorial', 'Afternoon'),
('PA014', 'PR076', 'In-Person', 'Dr. Smith', 'Family Care Medical Centre', 'Morning'),
('PA099', 'PR077', 'In-Person', 'Dr. Lee', 'Andrews Memorial', 'Morning'),
('PA061', 'PR078', 'In-Person', 'Dr. Lee', 'Family Care Medical Centre', 'Evening'),
('PA003', 'PR079', 'In-Person', 'Dr. Brown', 'Center C', 'Afternoon'),
('PA050', 'PR080', 'In-Person', 'Dr. Johnson', 'Center C', 'Afternoon'),
('PA088', 'PR081', 'In-Person', 'Dr. Lee', 'Family Care Medical Centre', 'Afternoon'),
('PA045', 'PR082', 'Video Call', 'Dr. Lee', 'Family Care Medical Centre', 'Afternoon'),
('PA030', 'PR083', 'In-Person', 'Dr. Smith', 'Family Care Medical Centre', 'Afternoon'),
('PA080', 'PR084', 'In-Person', 'Dr. White', 'Andrews Memorial', 'Evening'),
('PA044', 'PR085', 'In-Person', 'Dr. Brown', 'Uwi Hospital', 'Evening'),
('PA026', 'PR086', 'Video Call', 'Dr. White', 'Family Care Medical Centre', 'Morning'),
('PA010', 'PR087', 'In-Person', 'Dr. Johnson', 'Andrews Memorial', 'Morning'),
('PA002', 'PR088', 'In-Person', 'Dr. Smith', 'Andrews Memorial', 'Evening'),
('PA076', 'PR089', 'In-Person', 'Dr. White', 'Family Care Medical Centre', 'Morning'),
('PA081', 'PR090', 'Phone Call', 'Dr. Johnson', 'Andrews Memorial', 'Morning'),
('PA049', 'PR091', 'In-Person', 'Dr. Lee', 'Andrews Memorial', 'Evening'),
('PA085', 'PR092', 'In-Person', 'Dr. White', 'Family Care Medical Centre', 'Afternoon'),
('PA077', 'PR093', 'Video Call', 'Dr. Johnson', 'Center C', 'Evening'),
('PA064', 'PR094', 'In-Person', 'Dr. Johnson', 'Center C', 'Afternoon'),
('PA055', 'PR095', 'In-Person', 'Dr. Brown', 'Uwi Hospital', 'Morning'),
('PA046', 'PR096', 'In-Person', 'Dr. Lee', 'Family Care Medical Centre', 'Evening'),
('PA027', 'PR097', 'Video Call', 'Dr. Smith', 'Andrews Memorial', 'Evening'),
('PA011', 'PR098', 'In-Person', 'Dr. White', 'Uwi Hospital', 'Evening'),
('PA028', 'PR099', 'In-Person', 'Dr. Lee', 'Family Care Medical Centre', 'Morning'),
('PA034', 'PR100', 'Phone Call', 'Dr. Brown', 'Center C', 'Morning');
 

INSERT INTO PreferenceRank (UserID, RankID, Type_rank, Provider_rank, Location_rank, TimeOfDay_rank) 
VALUES
 
('PA017', 'RA001', 1, 1, 2, 5),
('PA074', 'RA002', 1, 3, 5, 5),
('PA066', 'RA003', 5, 3, 1, 3),
('PA041', 'RA004', 2, 1, 4, 2),
('PA086', 'RA005', 4, 5, 2, 5),
('PA053', 'RA006', 5, 1, 5, 3),
('PA060', 'RA007', 5, 2, 2, 3),
('PA043', 'RA008', 5, 4, 4, 1),
('PA029', 'RA009', 4, 4, 5, 1),
('PA006', 'RA010', 5, 2, 2, 2),
('PA091', 'RA011', 5, 4, 5, 3),
('PA090', 'RA012', 4, 2, 3, 2),
('PA040', 'RA013', 3, 4, 5, 1),
('PA098', 'RA014', 5, 5, 1, 3),
('PA004', 'RA015', 4, 2, 2, 1),
('PA019', 'RA016', 3, 5, 1, 5),
('PA042', 'RA017', 4, 1, 1, 5),
('PA020', 'RA018', 5, 1, 1, 4),
('PA005', 'RA019', 2, 3, 1, 4),
('PA012', 'RA020', 3, 3, 1, 2),
('PA018', 'RA021', 2, 5, 1, 3),
('PA079', 'RA022', 1, 5, 1, 2),
('PA087', 'RA023', 5, 3, 5, 4),
('PA024', 'RA024', 2, 5, 5, 1),
('PA057', 'RA025', 4, 2, 1, 1),
('PA068', 'RA026', 4, 4, 5, 2),
('PA096', 'RA027', 1, 3, 1, 4),
('PA035', 'RA028', 4, 5, 2, 5),
('PA100', 'RA029', 5, 3, 4, 3),
('PA001', 'RA030', 5, 4, 5, 2),
('PA075', 'RA031', 1, 5, 1, 2),
('PA036', 'RA032', 2, 5, 4, 4),
('PA048', 'RA033', 3, 2, 4, 1),
('PA073', 'RA034', 2, 3, 5, 4),
('PA051', 'RA035', 2, 2, 3, 3),
('PA084', 'RA036', 2, 5, 1, 4),
('PA067', 'RA037', 3, 5, 3, 2),
('PA016', 'RA038', 3, 2, 4, 2),
('PA059', 'RA039', 1, 4, 3, 3),
('PA071', 'RA040', 2, 2, 4, 3),
('PA031', 'RA041', 1, 2, 5, 4),
('PA032', 'RA042', 5, 5, 5, 2),
('PA025', 'RA043', 3, 4, 2, 2),
('PA039', 'RA044', 3, 5, 1, 5),
('PA037', 'RA045', 4, 1, 3, 2),
('PA062', 'RA046', 4, 2, 1, 4),
('PA052', 'RA047', 5, 4, 4, 2),
('PA022', 'RA048', 2, 4, 5, 2),
('PA015', 'RA049', 5, 1, 1, 1),
('PA063', 'RA050', 1, 2, 4, 3),
('PA097', 'RA051', 1, 4, 1, 2),
('PA092', 'RA052', 4, 3, 2, 4),
('PA033', 'RA053', 3, 4, 5, 1),
('PA023', 'RA054', 2, 5, 1, 5),
('PA093', 'RA055', 5, 2, 2, 4),
('PA065', 'RA056', 1, 3, 1, 5),
('PA078', 'RA057', 4, 3, 3, 3),
('PA056', 'RA058', 3, 3, 3, 4),
('PA038', 'RA059', 5, 5, 3, 3),
('PA058', 'RA060', 5, 3, 1, 4),
('PA094', 'RA061', 2, 5, 5, 3),
('PA021', 'RA062', 3, 5, 1, 4),
('PA072', 'RA063', 5, 3, 5, 3),
('PA070', 'RA064', 3, 5, 3, 4),
('PA089', 'RA065', 5, 5, 4, 1),
('PA095', 'RA066', 5, 3, 1, 1),
('PA083', 'RA067', 3, 2, 3, 1),
('PA054', 'RA068', 2, 3, 1, 4),
('PA013', 'RA069', 4, 4, 4, 5),
('PA009', 'RA070', 5, 4, 1, 5),
('PA082', 'RA071', 5, 2, 1, 2),
('PA007', 'RA072', 3, 5, 3, 5),
('PA008', 'RA073', 3, 5, 2, 3),
('PA069', 'RA074', 5, 1, 4, 2),
('PA047', 'RA075', 4, 5, 2, 5),
('PA014', 'RA076', 1, 3, 1, 1),
('PA099', 'RA077', 2, 2, 1, 3),
('PA061', 'RA078', 3, 4, 2, 5),
('PA003', 'RA079', 4, 1, 4, 4),
('PA050', 'RA080', 3, 1, 4, 2),
('PA088', 'RA081', 3, 3, 4, 3),
('PA045', 'RA082', 5, 2, 4, 2),
('PA030', 'RA083', 1, 5, 2, 1),
('PA080', 'RA084', 3, 3, 5, 2),
('PA044', 'RA085', 4, 3, 3, 5),
('PA026', 'RA086', 3, 4, 1, 5),
('PA010', 'RA087', 5, 1, 5, 5),
('PA002', 'RA088', 2, 5, 4, 2),
('PA076', 'RA089', 4, 4, 1, 1),
('PA081', 'RA090', 3, 4, 3, 4),
('PA049', 'RA091', 3, 3, 5, 4),
('PA085', 'RA092', 2, 1, 2, 3),
('PA077', 'RA093', 2, 2, 5, 5),
('PA064', 'RA094', 2, 2, 1, 1),
('PA055', 'RA095', 3, 2, 3, 5),
('PA046', 'RA096', 3, 1, 2, 5),
('PA027', 'RA097', 1, 1, 4, 3),
('PA011', 'RA098', 1, 5, 2, 4),
('PA028', 'RA099', 5, 2, 5, 5),
('PA034', 'RA100', 1, 2, 3, 1);
 

INSERT INTO Administrator (UserID) 
VALUES
('AD001'),
('AD002'),
('AD003'),
('AD004'),
('AD005');
 
   
INSERT INTO Location (LocationName, LocationEmail)
VALUES
('Uwi Hospital', 'rumchat21s@gmail.com'),
('Family Care Medical Centre', 'rumchat21s@gmail.com'),
('Center C', 'rumchat21s@gmail.com'),
('Andrews Memorial', 'rumchat21s@gmail.com');