INSERT INTO User (UserID, Username, UserPassword, FirstName, LastName, AccountType) 
VALUES
 
('AD001', 'bphillips', '+K58VOcoXR', 'Brian', 'Phillips', 'Administrator'),
('AD002', 'mrocha', 'F9jNL1FK_e', 'Mariah', 'Rocha', 'Administrator'),
('AD003', 'amerritt', '_8$D$2vJnp', 'Amber', 'Merritt', 'Administrator'),
('AD004', 'vmccormick', 'mV2DiQv(D*', 'Valerie', 'Mccormick', 'Administrator'),
('AD005', 'cgriffith', ')e8Basv4Ef', 'Cassandra', 'Griffith', 'Administrator'),
('PA001', 'krichardson', '069Vj3OR#e', 'Kevin', 'Richardson', 'Patient'),
('PA002', 'fwilliams', 'w%z0X&Yv2@', 'Frank', 'Williams', 'Patient'),
('PA003', 'rrivera', '6iNB4NhN@g', 'Rebekah', 'Rivera', 'Patient'),
('PA004', 'mwalker', '95n$U_a)!S', 'Mark', 'Walker', 'Patient'),
('PA005', 'daustin', 'r!U48JHm7s', 'Daniel', 'Austin', 'Patient'),
('PA006', 'emoyer', 'qsmWUzXV_3', 'Eric', 'Moyer', 'Patient'),
('PA007', 'jhinton', '+*61NfEhJz', 'James', 'Hinton', 'Patient'),
('PA008', 'dphillips', '&_EnvRuoS0', 'Derek', 'Phillips', 'Patient'),
('PA009', 'cgarner', '&9LC@IWeix', 'Carol', 'Garner', 'Patient'),
('PA010', 'lwilliams', '!^m4_At1pP', 'Lisa', 'Williams', 'Patient'),
('PA011', 'arocha', 'd6#6VtP2U+', 'Amy', 'Rocha', 'Patient'),
('PA012', 'dhill', '7Cnk^*Dd(A', 'Diana', 'Hill', 'Patient'),
('PA013', 'rmontes', 'B5bFKjs**8', 'Robert', 'Montes', 'Patient'),
('PA014', 'bdavila', '!40CUpa^6)', 'Bruce', 'Davila', 'Patient'),
('PA015', 'cguzman', '@oRF6Jy1A3', 'Christina', 'Guzman', 'Patient'),
('PA016', 'kharrison', '_E8ZE@jc@6', 'Kelly', 'Harrison', 'Patient'),
('PA017', 'khughes', '+gKIUmN8f5', 'Kathleen', 'Hughes', 'Patient'),
('PA018', 'mrich', 'jWCKhIQq_4', 'Matthew', 'Rich', 'Patient'),
('PA019', 'gmoyer', 'gYX4S+cge$', 'Gabriela', 'Moyer', 'Patient'),
('PA020', 'nrivera', 'ix6KB%iP&&', 'Nichole', 'Rivera', 'Patient'),
('PA021', 'pwilliams', 'j%3*2BhenP', 'Patrick', 'Williams', 'Patient'),
('PA022', 'sbarnes', 'wvV5H(jp((', 'Suzanne', 'Barnes', 'Patient'),
('PA023', 'sdelgado', '%H1MlVe4Y%', 'Stephanie', 'Delgado', 'Patient'),
('PA024', 'jhill', 'ak1UiwuM4!', 'Jeremy', 'Hill', 'Patient'),
('PA025', 'cpowell', '&gVVHMdbz2', 'Cameron', 'Powell', 'Patient'),
('PA026', 'kpeterson', '*$NNOWjX2y', 'Kristine', 'Peterson', 'Patient'),
('PA027', 'jgallegos', '^_M!9Qco@8', 'Julia', 'Gallegos', 'Patient'),
('PA028', 'bbaker', 'l7)Q+De2&4', 'Beth', 'Baker', 'Patient'),
('PA029', 'kpadilla', '#6BDLGv_nS', 'Kristen', 'Padilla', 'Patient'),
('PA030', 'mtrujillo', 'naF6ADyq&r', 'Michael', 'Trujillo', 'Patient'),
('PA031', 'broth', 'TkC09dLi_f', 'Brenda', 'Roth', 'Patient'),
('PA032', 'asnow', 'T4ZXb_vh%q', 'Audrey', 'Snow', 'Patient'),
('PA033', 'mrobinson', 'b67NpQKq#w', 'Michael', 'Robinson', 'Patient'),
('PA034', 'kmarks', '2o7r6Oc3M_', 'Kristin', 'Marks', 'Patient'),
('PA035', 'acombs', '#ZQZk!+f9^', 'Anthony', 'Combs', 'Patient'),
('PA036', 'ebrowning', '31G@wwd*!w', 'Elizabeth', 'Browning', 'Patient'),
('PA037', 'dbowers', 'f1DRt63O&&', 'Dawn', 'Bowers', 'Patient'),
('PA038', 'jward', 'o*3_hoIhwm', 'John', 'Ward', 'Patient'),
('PA039', 'cmoore', 'smy8GrY$x_', 'Cassandra', 'Moore', 'Patient'),
('PA040', 'amonroe', 'iP!+mM0hC_', 'Adam', 'Monroe', 'Patient'),
('PA041', 'sward', 'M0B4PDvZ^e', 'Stanley', 'Ward', 'Patient'),
('PA042', 'syoung', ')i6+NV0u06', 'Susan', 'Young', 'Patient'),
('PA043', 'pshepard', 'eI5C!REw2@', 'Philip', 'Shepard', 'Patient'),
('PA044', 'bbrown', '%4xmI$p7OF', 'Brenda', 'Brown', 'Patient'),
('PA045', 'dhoffman', '!l+J9PcX^4', 'Dawn', 'Hoffman', 'Patient'),
('PA046', 'ldean', '@yF7FO)OM&', 'Latoya', 'Dean', 'Patient'),
('PA047', 'dsampson', 'U(oY3N8bxl', 'Danny', 'Sampson', 'Patient'),
('PA048', 'aharris', 'Q4Jp1mQm)T', 'Anthony', 'Harris', 'Patient'),
('PA049', 'ahood', '+0(FKzDz)d', 'Ashley', 'Hood', 'Patient'),
('PA050', 'rmiller', 'Lp4Q0^s3)w', 'Roberto', 'Miller', 'Patient'),
('PA051', 'pwhitehead', '56QncjXq(t', 'Peter', 'Whitehead', 'Patient'),
('PA052', 'gmeza', '8IJXaMIi%7', 'Gabrielle', 'Meza', 'Patient'),
('PA053', 'twalker', 'N($198tsgA', 'Thomas', 'Walker', 'Patient'),
('PA054', 'cperez', 'HG1OyPHpA^', 'Corey', 'Perez', 'Patient'),
('PA055', 'hrobinson', '^8GQ_ENG+w', 'Henry', 'Robinson', 'Patient'),
('PA056', 'swatson', 'q^k3YuzzrK', 'Sean', 'Watson', 'Patient'),
('PA057', 'swilliams', 's(J8hEx0)%', 'Scott', 'Williams', 'Patient'),
('PA058', 'frussell', '$r8Jv1STM&', 'Faith', 'Russell', 'Patient'),
('PA059', 'hroberson', 'jGp@b2Ft_S', 'Heather', 'Roberson', 'Patient'),
('PA060', 'psullivan', '+dUovGY3J1', 'Pamela', 'Sullivan', 'Patient'),
('PA061', 'mhenderson', 'I3C@$)v1@4', 'Michelle', 'Henderson', 'Patient'),
('PA062', 'hmyers', '(iGmFA6PU8', 'Heather', 'Myers', 'Patient'),
('PA063', 'ahaynes', '*dg2lJhO)+', 'Amy', 'Haynes', 'Patient'),
('PA064', 'sblevins', 'St7eD8Bn_p', 'Scott', 'Blevins', 'Patient'),
('PA065', 'rhatfield', 'Y_6QvPt_JP', 'Roy', 'Hatfield', 'Patient'),
('PA066', 'acortez', 'MX@239HtTe', 'Anne', 'Cortez', 'Patient'),
('PA067', 'dwalls', 's59HXh2iF)', 'Dawn', 'Walls', 'Patient'),
('PA068', 'jharrell', '0D1LtPS6(7', 'Jeffrey', 'Harrell', 'Patient'),
('PA069', 'jjohnson', 'G#3Ke4Myh$', 'Joshua', 'Johnson', 'Patient'),
('PA070', 'mvelasquez', 'm)84tP3xT7', 'Michael', 'Velasquez', 'Patient'),
('PA071', 'destes', '_01j)Gz0e1', 'David', 'Estes', 'Patient'),
('PA072', 'rmiller', 'x)4%SspP(9', 'Raymond', 'Miller', 'Patient'),
('PA073', 'tlopez', '3hGt67Jk@%', 'Timothy', 'Lopez', 'Patient'),
('PA074', 'mwest', 'iII0sCxKK+', 'Michael', 'West', 'Patient'),
('PA075', 'pvincent', 'N%P7MpzgGN', 'Pamela', 'Vincent', 'Patient'),
('PA076', 'esims', '9!0C#y_x+t', 'Edward', 'Sims', 'Patient'),
('PA077', 'szamora', '!6@MI12mEg', 'Scott', 'Zamora', 'Patient'),
('PA078', 'tzuniga', 'Q2Q%JTeP*9', 'Tracy', 'Zuniga', 'Patient'),
('PA079', 'smcdaniel', '3_9zJ^Grl%', 'Sara', 'Mcdaniel', 'Patient'),
('PA080', 'jholloway', 'P#jy9Y11#l', 'Jessica', 'Holloway', 'Patient'),
('PA081', 'jgraham', '3&_6Ar)sE6', 'Jonathan', 'Graham', 'Patient'),
('PA082', 'jyu', 'A7M3NYlrW&', 'Joanne', 'Yu', 'Patient'),
('PA083', 'jjordan', '+bIcK$^Fj7', 'Jackson', 'Jordan', 'Patient'),
('PA084', 'msingleton', '(b5qCiO5T1', 'Melissa', 'Singleton', 'Patient'),
('PA085', 'sshelton', '_3n3)FYtHB', 'Scott', 'Shelton', 'Patient'),
('PA086', 'swilliams', 'r6_4jA_ecm', 'Sean', 'Williams', 'Patient'),
('PA087', 'mlee', '+3y8kh%n)Y', 'Melanie', 'Lee', 'Patient'),
('PA088', 'elewis', '*yO65JyLfs', 'Emily', 'Lewis', 'Patient'),
('PA089', 'msummers', 'YFxBLrun@7', 'Morgan', 'Summers', 'Patient'),
('PA090', 'mmitchell', 'Xx)*1tDtx#', 'Mary', 'Mitchell', 'Patient'),
('PA091', 'jmack', 'HI@!r2ek(+', 'John', 'Mack', 'Patient'),
('PA092', 'ahuffman', '(wk74YFtqL', 'Andrew', 'Huffman', 'Patient'),
('PA093', 'jlucas', 'TfK(gVJ9_5', 'Joshua', 'Lucas', 'Patient'),
('PA094', 'mkirby', '+5jTQE%KBw', 'Morgan', 'Kirby', 'Patient'),
('PA095', 'asanchez', 'f2^540Yu#4', 'Audrey', 'Sanchez', 'Patient'),
('PA096', 'pmartin', '*iLS1_XrkF', 'Patty', 'Martin', 'Patient'),
('PA097', 'slee', 'BnbS04Yqj^', 'Shawn', 'Lee', 'Patient'),
('PA098', 'mblack', '6Rv(3Ebm1g', 'Mary', 'Black', 'Patient'),
('PA099', 'jbaker', 'j#3cNGAnrv', 'Jody', 'Baker', 'Patient'),
('PA100', 'dstevens', 'ei(DTXzd*1', 'David', 'Stevens', 'Patient');
 

INSERT INTO Patient (UserID, Gender, DateOfBirth, PhoneNumber, Email) 
VALUES
 
('PA001', 'Male', '1933-06-23', '876-306-1305', 'kevinrichardson23@example.com'),
('PA002', 'Female', '1957-08-23', '876-470-8356', 'frankwilliams24@example.com'),
('PA003', 'Female', '1997-06-03', '876-138-7656', 'rebekahrivera20@example.com'),
('PA004', 'Male', '1934-11-28', '876-533-9429', 'markwalker28@example.com'),
('PA005', 'Female', '1994-10-13', '876-576-7703', 'danielaustin11@example.com'),
('PA006', 'Female', '1996-01-23', '876-653-2703', 'ericmoyer87@example.com'),
('PA007', 'Female', '1979-11-08', '876-165-7872', 'jameshinton34@example.com'),
('PA008', 'Female', '1951-08-04', '876-462-1265', 'derekphillips56@example.com'),
('PA009', 'Female', '1992-12-12', '876-590-8369', 'carolgarner69@example.com'),
('PA010', 'Female', '1998-10-24', '876-899-6840', 'lisawilliams90@example.com'),
('PA011', 'Female', '1993-09-24', '876-310-2034', 'amyrocha72@example.com'),
('PA012', 'Female', '1971-09-16', '876-992-7509', 'dianahill65@example.com'),
('PA013', 'Male', '1989-08-09', '876-394-4770', 'robertmontes90@example.com'),
('PA014', 'Female', '1994-08-13', '876-118-4409', 'brucedavila84@example.com'),
('PA015', 'Female', '1992-12-12', '876-230-7064', 'christinaguzman37@example.com'),
('PA016', 'Female', '1996-07-16', '876-564-3318', 'kellyharrison53@example.com'),
('PA017', 'Male', '1979-06-11', '876-638-2176', 'kathleenhughes87@example.com'),
('PA018', 'Female', '1940-08-23', '876-466-7624', 'matthewrich90@example.com'),
('PA019', 'Male', '1966-07-02', '876-294-4928', 'gabrielamoyer93@example.com'),
('PA020', 'Female', '1942-02-27', '876-858-4830', 'nicholerivera47@example.com'),
('PA021', 'Female', '1986-06-29', '876-210-4871', 'patrickwilliams65@example.com'),
('PA022', 'Male', '1952-12-28', '876-515-4453', 'suzannebarnes43@example.com'),
('PA023', 'Female', '1994-12-17', '876-623-2933', 'stephaniedelgado14@example.com'),
('PA024', 'Female', '1984-12-26', '876-922-5551', 'jeremyhill50@example.com'),
('PA025', 'Female', '2002-09-19', '876-752-6534', 'cameronpowell91@example.com'),
('PA026', 'Male', '1961-12-14', '876-482-2856', 'kristinepeterson98@example.com'),
('PA027', 'Male', '1936-10-14', '876-650-2445', 'juliagallegos79@example.com'),
('PA028', 'Male', '1982-02-08', '876-478-6248', 'bethbaker93@example.com'),
('PA029', 'Female', '1998-02-27', '876-296-3770', 'kristenpadilla19@example.com'),
('PA030', 'Female', '1960-11-10', '876-375-6997', 'michaeltrujillo81@example.com'),
('PA031', 'Female', '1992-05-29', '876-759-4044', 'brendaroth68@example.com'),
('PA032', 'Male', '1969-02-11', '876-885-1515', 'audreysnow22@example.com'),
('PA033', 'Male', '1981-10-07', '876-253-3504', 'michaelrobinson19@example.com'),
('PA034', 'Male', '2000-12-08', '876-495-4917', 'kristinmarks74@example.com'),
('PA035', 'Male', '1975-12-06', '876-530-8389', 'anthonycombs33@example.com'),
('PA036', 'Female', '1975-06-17', '876-123-6330', 'elizabethbrowning80@example.com'),
('PA037', 'Male', '1988-12-24', '876-667-4672', 'dawnbowers25@example.com'),
('PA038', 'Female', '1981-07-08', '876-999-2390', 'johnward30@example.com'),
('PA039', 'Male', '1972-11-24', '876-327-2967', 'cassandramoore59@example.com'),
('PA040', 'Male', '2005-01-21', '876-132-9838', 'adammonroe39@example.com'),
('PA041', 'Female', '1975-11-14', '876-370-1857', 'stanleyward92@example.com'),
('PA042', 'Female', '1941-01-05', '876-384-3724', 'susanyoung53@example.com'),
('PA043', 'Female', '1992-07-29', '876-363-1750', 'philipshepard35@example.com'),
('PA044', 'Male', '1951-07-25', '876-889-3032', 'brendabrown73@example.com'),
('PA045', 'Female', '1981-07-30', '876-795-9786', 'dawnhoffman95@example.com'),
('PA046', 'Male', '1984-04-25', '876-511-1008', 'latoyadean48@example.com'),
('PA047', 'Female', '1970-03-14', '876-695-4224', 'dannysampson44@example.com'),
('PA048', 'Female', '2004-03-15', '876-788-3224', 'anthonyharris77@example.com'),
('PA049', 'Male', '1963-09-16', '876-955-2409', 'ashleyhood36@example.com'),
('PA050', 'Female', '1952-03-10', '876-436-9791', 'robertomiller13@example.com'),
('PA051', 'Female', '1973-09-02', '876-490-3759', 'peterwhitehead7@example.com'),
('PA052', 'Female', '1965-03-12', '876-894-8396', 'gabriellemeza88@example.com'),
('PA053', 'Female', '2000-09-13', '876-905-1503', 'thomaswalker95@example.com'),
('PA054', 'Male', '1957-11-05', '876-887-7320', 'coreyperez80@example.com'),
('PA055', 'Female', '1988-01-18', '876-632-3096', 'henryrobinson28@example.com'),
('PA056', 'Male', '1941-11-05', '876-465-5188', 'seanwatson84@example.com'),
('PA057', 'Male', '1946-03-25', '876-718-1062', 'scottwilliams11@example.com'),
('PA058', 'Female', '1958-01-26', '876-820-7859', 'faithrussell6@example.com'),
('PA059', 'Male', '1960-09-19', '876-796-6120', 'heatherroberson72@example.com'),
('PA060', 'Female', '1980-05-30', '876-759-2788', 'pamelasullivan26@example.com'),
('PA061', 'Female', '1954-04-07', '876-130-2991', 'michellehenderson52@example.com'),
('PA062', 'Male', '1936-02-25', '876-534-4267', 'heathermyers7@example.com'),
('PA063', 'Female', '1992-11-03', '876-349-6640', 'amyhaynes17@example.com'),
('PA064', 'Male', '1959-02-01', '876-529-5358', 'scottblevins34@example.com'),
('PA065', 'Female', '1955-09-18', '876-779-3783', 'royhatfield35@example.com'),
('PA066', 'Female', '1999-12-22', '876-945-7777', 'annecortez32@example.com'),
('PA067', 'Male', '1936-10-03', '876-802-2727', 'dawnwalls90@example.com'),
('PA068', 'Male', '1956-11-12', '876-336-6283', 'jeffreyharrell63@example.com'),
('PA069', 'Male', '1998-05-02', '876-535-1592', 'joshuajohnson14@example.com'),
('PA070', 'Male', '1940-10-31', '876-726-9304', 'michaelvelasquez12@example.com'),
('PA071', 'Male', '1957-03-29', '876-779-3408', 'davidestes75@example.com'),
('PA072', 'Male', '1996-06-16', '876-434-6205', 'raymondmiller67@example.com'),
('PA073', 'Female', '1941-12-02', '876-990-7219', 'timothylopez9@example.com'),
('PA074', 'Male', '1987-04-23', '876-866-6354', 'michaelwest79@example.com'),
('PA075', 'Male', '1965-02-17', '876-911-3042', 'pamelavincent4@example.com'),
('PA076', 'Male', '1945-11-07', '876-500-2339', 'edwardsims15@example.com'),
('PA077', 'Male', '1997-03-17', '876-450-5361', 'scottzamora22@example.com'),
('PA078', 'Female', '2002-05-28', '876-497-7833', 'tracyzuniga88@example.com'),
('PA079', 'Female', '1951-02-20', '876-850-6741', 'saramcdaniel38@example.com'),
('PA080', 'Female', '1988-01-21', '876-400-9060', 'jessicaholloway15@example.com'),
('PA081', 'Female', '1971-08-04', '876-409-6711', 'jonathangraham83@example.com'),
('PA082', 'Female', '1954-08-16', '876-563-8381', 'joanneyu41@example.com'),
('PA083', 'Male', '1955-12-13', '876-769-3084', 'jacksonjordan2@example.com'),
('PA084', 'Female', '1948-10-14', '876-702-6759', 'melissasingleton4@example.com'),
('PA085', 'Male', '1961-11-18', '876-846-5049', 'scottshelton3@example.com'),
('PA086', 'Female', '1952-07-08', '876-993-7797', 'seanwilliams25@example.com'),
('PA087', 'Female', '1987-11-30', '876-637-7167', 'melanielee53@example.com'),
('PA088', 'Male', '1974-09-04', '876-856-1331', 'emilylewis31@example.com'),
('PA089', 'Male', '1993-09-11', '876-603-4034', 'morgansummers39@example.com'),
('PA090', 'Female', '1960-06-26', '876-138-2196', 'marymitchell3@example.com'),
('PA091', 'Female', '1992-09-20', '876-278-6161', 'johnmack28@example.com'),
('PA092', 'Female', '1980-08-31', '876-356-8021', 'andrewhuffman54@example.com'),
('PA093', 'Female', '1941-02-09', '876-594-5592', 'joshualucas69@example.com'),
('PA094', 'Male', '1941-11-28', '876-528-6192', 'morgankirby40@example.com'),
('PA095', 'Male', '1984-07-12', '876-338-7077', 'audreysanchez57@example.com'),
('PA096', 'Female', '1984-02-21', '876-654-8638', 'pattymartin41@example.com'),
('PA097', 'Female', '1991-08-18', '876-155-6389', 'shawnlee35@example.com'),
('PA098', 'Male', '1952-08-22', '876-735-1107', 'maryblack58@example.com'),
('PA099', 'Female', '1994-03-24', '876-131-3031', 'jodybaker81@example.com'),
('PA100', 'Male', '1950-05-17', '876-327-5522', 'davidstevens50@example.com');
 

INSERT INTO Appointment (appointmentID, priorityLevel, appointmentTime, appointmentLocation, appointmentType, appointmentStatus, userID, Provider) 
VALUES
 
('AP001', '1', '2024-04-07 06:39:56', 'Center C', 'In-Person', 'Scheduled', 'PA091', 'Dr. Smith'),
('AP002', NULL, '2024-04-11 10:33:43', 'Andrews Memorial', NULL, 'Open', NULL, 'Dr. Johnson'),
('AP003', NULL, '2024-04-15 13:17:48', 'Center C', NULL, 'Open', NULL, 'Dr. Brown'),
('AP004', NULL, '2024-05-05 23:40:08', 'Uwi Hospital', NULL, 'Open', NULL, 'Dr. Lee'),
('AP005', NULL, '2024-04-09 23:27:59', 'Center C', NULL, 'Open', NULL, 'Dr. Smith'),
('AP006', '5', '2024-04-27 09:40:17', 'Family Care Medical Centre', 'In-Person', 'Scheduled', 'PA060', 'Dr. White'),
('AP007', NULL, '2024-04-07 21:28:19', 'Family Care Medical Centre', NULL, 'Open', NULL, 'Dr. Johnson'),
('AP008', '3', '2024-04-19 22:42:37', 'Family Care Medical Centre', 'In-Person', 'Scheduled', 'PA044', 'Dr. Lee'),
('AP009', '1', '2024-04-28 00:18:25', 'Center C', 'Video Call', 'Scheduled', 'PA058', 'Dr. Johnson'),
('AP010', '2', '2024-04-07 07:33:29', 'Uwi Hospital', 'In-Person', 'Scheduled', 'PA065', 'Dr. Lee'),
('AP011', '1', '2024-05-03 20:09:22', 'Center C', 'In-Person', 'Scheduled', 'PA034', 'Dr. Brown'),
('AP012', NULL, '2024-04-20 17:33:02', 'Andrews Memorial', NULL, 'Open', NULL, 'Dr. White'),
('AP013', '1', '2024-04-25 21:12:41', 'Center C', 'In-Person', 'Scheduled', 'PA020', 'Dr. Lee'),
('AP014', '2', '2024-04-18 03:01:42', 'Family Care Medical Centre', 'Video Call', 'Scheduled', 'PA041', 'Dr. White'),
('AP015', '4', '2024-04-14 21:22:21', 'Center C', 'In-Person', 'Scheduled', 'PA027', 'Dr. Johnson'),
('AP016', '2', '2024-05-02 06:36:30', 'Andrews Memorial', 'In-Person', 'Scheduled', 'PA024', 'Dr. Johnson'),
('AP017', NULL, '2024-04-07 14:14:39', 'Andrews Memorial', NULL, 'Open', NULL, 'Dr. Brown'),
('AP018', NULL, '2024-05-06 07:39:41', 'Uwi Hospital', NULL, 'Open', NULL, 'Dr. Johnson'),
('AP019', NULL, '2024-04-10 17:44:16', 'Uwi Hospital', NULL, 'Open', NULL, 'Dr. Lee'),
('AP020', '4', '2024-05-03 06:52:34', 'Andrews Memorial', 'In-Person', 'Scheduled', 'PA067', 'Dr. Brown'),
('AP021', '3', '2024-04-29 22:26:34', 'Center C', 'In-Person', 'Scheduled', 'PA001', 'Dr. Brown'),
('AP022', '5', '2024-04-22 02:54:14', 'Uwi Hospital', 'In-Person', 'Scheduled', 'PA066', 'Dr. White'),
('AP023', NULL, '2024-04-25 03:50:23', 'Andrews Memorial', NULL, 'Open', NULL, 'Dr. Brown'),
('AP024', '1', '2024-05-01 11:47:42', 'Family Care Medical Centre', 'In-Person', 'Scheduled', 'PA099', 'Dr. Smith'),
('AP025', NULL, '2024-04-14 14:23:36', 'Uwi Hospital', NULL, 'Open', NULL, 'Dr. Johnson'),
('AP026', '2', '2024-05-03 10:15:05', 'Family Care Medical Centre', 'Video Call', 'Scheduled', 'PA048', 'Dr. Smith'),
('AP027', NULL, '2024-04-26 14:21:31', 'Andrews Memorial', NULL, 'Open', NULL, 'Dr. Lee'),
('AP028', '4', '2024-04-16 22:03:53', 'Uwi Hospital', 'In-Person', 'Scheduled', 'PA061', 'Dr. Brown'),
('AP029', NULL, '2024-04-10 19:07:37', 'Uwi Hospital', NULL, 'Open', NULL, 'Dr. Johnson'),
('AP030', NULL, '2024-05-05 23:41:16', 'Center C', NULL, 'Open', NULL, 'Dr. Johnson'),
('AP031', '4', '2024-04-16 04:36:58', 'Center C', 'In-Person', 'Scheduled', 'PA097', 'Dr. Brown'),
('AP032', NULL, '2024-04-20 23:21:11', 'Uwi Hospital', NULL, 'Open', NULL, 'Dr. Smith'),
('AP033', '4', '2024-05-02 15:00:54', 'Andrews Memorial', 'Video Call', 'Scheduled', 'PA096', 'Dr. Smith'),
('AP034', '2', '2024-04-09 00:08:25', 'Center C', 'In-Person', 'Scheduled', 'PA024', 'Dr. Johnson'),
('AP035', '1', '2024-05-05 10:40:45', 'Andrews Memorial', 'In-Person', 'Scheduled', 'PA070', 'Dr. Johnson'),
('AP036', '5', '2024-04-19 08:08:22', 'Uwi Hospital', 'In-Person', 'Scheduled', 'PA086', 'Dr. White'),
('AP037', '1', '2024-05-04 19:18:46', 'Uwi Hospital', 'In-Person', 'Scheduled', 'PA093', 'Dr. White'),
('AP038', NULL, '2024-04-16 17:06:33', 'Center C', NULL, 'Open', NULL, 'Dr. Lee'),
('AP039', '2', '2024-05-05 17:54:50', 'Uwi Hospital', 'In-Person', 'Scheduled', 'PA010', 'Dr. Smith'),
('AP040', NULL, '2024-05-06 11:46:46', 'Andrews Memorial', NULL, 'Open', NULL, 'Dr. Brown'),
('AP041', NULL, '2024-04-11 17:31:35', 'Center C', NULL, 'Open', NULL, 'Dr. White'),
('AP042', '1', '2024-04-15 16:01:57', 'Andrews Memorial', 'Phone Call', 'Scheduled', 'PA011', 'Dr. Johnson'),
('AP043', NULL, '2024-05-03 09:15:38', 'Family Care Medical Centre', NULL, 'Open', NULL, 'Dr. Johnson'),
('AP044', '1', '2024-05-05 12:59:34', 'Family Care Medical Centre', 'In-Person', 'Scheduled', 'PA043', 'Dr. Brown'),
('AP045', NULL, '2024-05-02 00:47:23', 'Family Care Medical Centre', NULL, 'Open', NULL, 'Dr. Lee'),
('AP046', NULL, '2024-04-29 06:55:13', 'Uwi Hospital', NULL, 'Open', NULL, 'Dr. Smith'),
('AP047', NULL, '2024-04-15 05:52:51', 'Center C', NULL, 'Open', NULL, 'Dr. Johnson'),
('AP048', NULL, '2024-05-01 12:30:44', 'Uwi Hospital', NULL, 'Open', NULL, 'Dr. Lee'),
('AP049', NULL, '2024-04-11 08:40:18', 'Center C', NULL, 'Open', NULL, 'Dr. Smith'),
('AP050', '4', '2024-04-07 21:19:55', 'Andrews Memorial', 'In-Person', 'Scheduled', 'PA075', 'Dr. Brown'),
('AP051', NULL, '2024-05-01 00:13:14', 'Center C', NULL, 'Open', NULL, 'Dr. White'),
('AP052', NULL, '2024-04-22 07:14:17', 'Center C', NULL, 'Open', NULL, 'Dr. Lee'),
('AP053', '1', '2024-04-19 18:53:03', 'Andrews Memorial', 'In-Person', 'Scheduled', 'PA092', 'Dr. Smith'),
('AP054', NULL, '2024-04-25 18:34:30', 'Andrews Memorial', NULL, 'Open', NULL, 'Dr. Lee'),
('AP055', '3', '2024-04-09 04:20:10', 'Uwi Hospital', 'In-Person', 'Scheduled', 'PA044', 'Dr. Brown'),
('AP056', '1', '2024-04-20 00:34:26', 'Andrews Memorial', 'In-Person', 'Scheduled', 'PA061', 'Dr. Brown'),
('AP057', '3', '2024-04-10 18:23:14', 'Family Care Medical Centre', 'In-Person', 'Scheduled', 'PA016', 'Dr. Lee'),
('AP058', NULL, '2024-05-03 23:26:39', 'Uwi Hospital', NULL, 'Open', NULL, 'Dr. Brown'),
('AP059', '3', '2024-04-28 11:23:34', 'Andrews Memorial', 'Phone Call', 'Scheduled', 'PA028', 'Dr. Lee'),
('AP060', '2', '2024-05-04 01:07:34', 'Family Care Medical Centre', 'In-Person', 'Scheduled', 'PA014', 'Dr. Johnson'),
('AP061', '4', '2024-04-24 13:02:07', 'Center C', 'In-Person', 'Scheduled', 'PA021', 'Dr. Brown'),
('AP062', '3', '2024-05-05 20:11:34', 'Family Care Medical Centre', 'Video Call', 'Scheduled', 'PA030', 'Dr. Johnson'),
('AP063', NULL, '2024-04-27 20:29:27', 'Uwi Hospital', NULL, 'Open', NULL, 'Dr. White'),
('AP064', '3', '2024-04-24 10:55:59', 'Andrews Memorial', 'Phone Call', 'Scheduled', 'PA082', 'Dr. Lee'),
('AP065', '2', '2024-04-07 22:03:57', 'Andrews Memorial', 'In-Person', 'Scheduled', 'PA100', 'Dr. Brown'),
('AP066', '2', '2024-04-14 18:50:43', 'Uwi Hospital', 'In-Person', 'Scheduled', 'PA006', 'Dr. Brown'),
('AP067', '2', '2024-04-26 22:53:05', 'Center C', 'In-Person', 'Scheduled', 'PA046', 'Dr. Johnson'),
('AP068', '1', '2024-04-07 01:24:43', 'Andrews Memorial', 'In-Person', 'Scheduled', 'PA069', 'Dr. Johnson'),
('AP069', NULL, '2024-04-13 00:11:56', 'Andrews Memorial', NULL, 'Open', NULL, 'Dr. Smith'),
('AP070', NULL, '2024-04-13 03:23:56', 'Andrews Memorial', NULL, 'Open', NULL, 'Dr. Johnson'),
('AP071', NULL, '2024-04-10 12:52:26', 'Center C', NULL, 'Open', NULL, 'Dr. Brown'),
('AP072', '4', '2024-05-05 07:54:06', 'Center C', 'In-Person', 'Scheduled', 'PA085', 'Dr. White'),
('AP073', '5', '2024-04-16 12:31:34', 'Center C', 'In-Person', 'Scheduled', 'PA061', 'Dr. Johnson'),
('AP074', NULL, '2024-05-01 04:15:13', 'Family Care Medical Centre', NULL, 'Open', NULL, 'Dr. Johnson'),
('AP075', '1', '2024-04-12 10:59:37', 'Uwi Hospital', 'In-Person', 'Scheduled', 'PA040', 'Dr. Johnson'),
('AP076', NULL, '2024-04-16 04:40:52', 'Center C', NULL, 'Open', NULL, 'Dr. Johnson'),
('AP077', NULL, '2024-04-29 00:58:50', 'Center C', NULL, 'Open', NULL, 'Dr. Brown'),
('AP078', NULL, '2024-04-18 03:23:58', 'Uwi Hospital', NULL, 'Open', NULL, 'Dr. Brown'),
('AP079', NULL, '2024-04-15 04:30:12', 'Andrews Memorial', NULL, 'Open', NULL, 'Dr. Smith'),
('AP080', '5', '2024-04-13 07:30:37', 'Uwi Hospital', 'In-Person', 'Scheduled', 'PA087', 'Dr. Lee'),
('AP081', '4', '2024-05-02 02:56:07', 'Andrews Memorial', 'In-Person', 'Scheduled', 'PA015', 'Dr. White'),
('AP082', '3', '2024-04-07 17:44:05', 'Center C', 'In-Person', 'Scheduled', 'PA082', 'Dr. Johnson'),
('AP083', NULL, '2024-04-18 20:22:45', 'Andrews Memorial', NULL, 'Open', NULL, 'Dr. Lee'),
('AP084', NULL, '2024-04-07 13:16:37', 'Family Care Medical Centre', NULL, 'Open', NULL, 'Dr. White'),
('AP085', NULL, '2024-05-05 05:20:29', 'Uwi Hospital', NULL, 'Open', NULL, 'Dr. Johnson'),
('AP086', NULL, '2024-04-18 06:28:57', 'Center C', NULL, 'Open', NULL, 'Dr. Johnson'),
('AP087', NULL, '2024-04-25 06:14:31', 'Center C', NULL, 'Open', NULL, 'Dr. Johnson'),
('AP088', NULL, '2024-04-19 21:09:58', 'Andrews Memorial', NULL, 'Open', NULL, 'Dr. Johnson'),
('AP089', NULL, '2024-04-14 11:25:25', 'Center C', NULL, 'Open', NULL, 'Dr. Lee'),
('AP090', NULL, '2024-04-22 16:16:18', 'Andrews Memorial', NULL, 'Open', NULL, 'Dr. Brown'),
('AP091', NULL, '2024-04-22 03:31:27', 'Uwi Hospital', NULL, 'Open', NULL, 'Dr. Johnson'),
('AP092', NULL, '2024-05-02 23:26:39', 'Uwi Hospital', NULL, 'Open', NULL, 'Dr. Johnson'),
('AP093', '1', '2024-04-09 05:53:41', 'Family Care Medical Centre', 'In-Person', 'Scheduled', 'PA026', 'Dr. Smith'),
('AP094', '2', '2024-04-16 09:02:24', 'Family Care Medical Centre', 'Video Call', 'Scheduled', 'PA083', 'Dr. White'),
('AP095', NULL, '2024-04-30 00:41:52', 'Center C', NULL, 'Open', NULL, 'Dr. Brown'),
('AP096', '2', '2024-04-06 16:20:13', 'Uwi Hospital', 'In-Person', 'Scheduled', 'PA021', 'Dr. Lee'),
('AP097', NULL, '2024-04-06 15:56:04', 'Center C', NULL, 'Open', NULL, 'Dr. White'),
('AP098', NULL, '2024-04-14 03:46:40', 'Andrews Memorial', NULL, 'Open', NULL, 'Dr. Brown'),
('AP099', NULL, '2024-05-05 18:33:22', 'Andrews Memorial', NULL, 'Open', NULL, 'Dr. White'),
('AP100', NULL, '2024-04-09 15:00:38', 'Center C', NULL, 'Open', NULL, 'Dr. Brown'),
('AP101', NULL, '2024-05-04 03:11:10', 'Center C', NULL, 'Open', NULL, 'Dr. Johnson'),
('AP102', NULL, '2024-04-14 07:20:16', 'Andrews Memorial', NULL, 'Open', NULL, 'Dr. Lee'),
('AP103', NULL, '2024-05-05 04:07:06', 'Uwi Hospital', NULL, 'Open', NULL, 'Dr. Johnson'),
('AP104', NULL, '2024-04-11 07:58:05', 'Andrews Memorial', NULL, 'Open', NULL, 'Dr. White'),
('AP105', NULL, '2024-04-27 13:44:48', 'Uwi Hospital', NULL, 'Open', NULL, 'Dr. Smith'),
('AP106', NULL, '2024-04-26 21:35:58', 'Uwi Hospital', NULL, 'Open', NULL, 'Dr. Smith'),
('AP107', NULL, '2024-04-08 19:58:47', 'Uwi Hospital', NULL, 'Open', NULL, 'Dr. Brown'),
('AP108', '3', '2024-04-19 10:43:14', 'Andrews Memorial', 'Phone Call', 'Scheduled', 'PA037', 'Dr. White'),
('AP109', '2', '2024-05-05 17:35:03', 'Andrews Memorial', 'In-Person', 'Scheduled', 'PA078', 'Dr. Smith'),
('AP110', NULL, '2024-04-20 15:48:50', 'Family Care Medical Centre', NULL, 'Open', NULL, 'Dr. Brown'),
('AP111', NULL, '2024-05-05 16:34:22', 'Andrews Memorial', NULL, 'Open', NULL, 'Dr. Johnson'),
('AP112', NULL, '2024-04-08 09:34:38', 'Family Care Medical Centre', NULL, 'Open', NULL, 'Dr. Lee'),
('AP113', NULL, '2024-04-15 18:38:45', 'Andrews Memorial', NULL, 'Open', NULL, 'Dr. White'),
('AP114', '3', '2024-04-11 08:56:20', 'Uwi Hospital', 'In-Person', 'Scheduled', 'PA039', 'Dr. Smith'),
('AP115', '3', '2024-05-02 08:44:34', 'Andrews Memorial', 'In-Person', 'Scheduled', 'PA052', 'Dr. Lee'),
('AP116', NULL, '2024-04-18 00:51:05', 'Andrews Memorial', NULL, 'Open', NULL, 'Dr. Lee'),
('AP117', '4', '2024-04-25 22:48:55', 'Andrews Memorial', 'In-Person', 'Scheduled', 'PA017', 'Dr. Brown'),
('AP118', '5', '2024-05-03 05:15:52', 'Uwi Hospital', 'In-Person', 'Scheduled', 'PA002', 'Dr. Lee'),
('AP119', NULL, '2024-04-16 19:03:50', 'Family Care Medical Centre', NULL, 'Open', NULL, 'Dr. Lee'),
('AP120', '3', '2024-04-23 11:41:42', 'Uwi Hospital', 'In-Person', 'Scheduled', 'PA097', 'Dr. Lee'),
('AP121', '2', '2024-04-23 02:15:24', 'Andrews Memorial', 'In-Person', 'Scheduled', 'PA057', 'Dr. Lee'),
('AP122', '5', '2024-04-23 07:34:07', 'Andrews Memorial', 'Video Call', 'Scheduled', 'PA055', 'Dr. Smith'),
('AP123', NULL, '2024-04-30 05:05:24', 'Family Care Medical Centre', NULL, 'Open', NULL, 'Dr. White'),
('AP124', NULL, '2024-04-29 17:21:27', 'Andrews Memorial', NULL, 'Open', NULL, 'Dr. White'),
('AP125', '1', '2024-05-05 18:33:45', 'Uwi Hospital', 'In-Person', 'Scheduled', 'PA054', 'Dr. White'),
('AP126', '5', '2024-04-27 02:36:08', 'Center C', 'In-Person', 'Scheduled', 'PA044', 'Dr. Johnson'),
('AP127', NULL, '2024-04-20 16:30:15', 'Family Care Medical Centre', NULL, 'Open', NULL, 'Dr. Lee'),
('AP128', '1', '2024-04-07 11:46:23', 'Andrews Memorial', 'Video Call', 'Scheduled', 'PA071', 'Dr. Smith'),
('AP129', '5', '2024-04-19 11:36:08', 'Center C', 'In-Person', 'Scheduled', 'PA005', 'Dr. Johnson'),
('AP130', NULL, '2024-04-11 06:31:58', 'Family Care Medical Centre', NULL, 'Open', NULL, 'Dr. Johnson'),
('AP131', '4', '2024-05-02 13:42:33', 'Family Care Medical Centre', 'In-Person', 'Scheduled', 'PA028', 'Dr. Brown'),
('AP132', NULL, '2024-05-05 23:33:24', 'Family Care Medical Centre', NULL, 'Open', NULL, 'Dr. White'),
('AP133', NULL, '2024-04-18 19:46:33', 'Family Care Medical Centre', NULL, 'Open', NULL, 'Dr. Smith'),
('AP134', '5', '2024-05-01 15:10:28', 'Center C', 'In-Person', 'Scheduled', 'PA068', 'Dr. Brown'),
('AP135', '1', '2024-05-06 12:50:48', 'Family Care Medical Centre', 'Phone Call', 'Scheduled', 'PA070', 'Dr. Lee'),
('AP136', '4', '2024-04-09 00:34:22', 'Uwi Hospital', 'Video Call', 'Scheduled', 'PA070', 'Dr. Smith'),
('AP137', '5', '2024-04-20 05:47:19', 'Andrews Memorial', 'In-Person', 'Scheduled', 'PA005', 'Dr. Lee'),
('AP138', '3', '2024-04-16 17:10:08', 'Family Care Medical Centre', 'In-Person', 'Scheduled', 'PA007', 'Dr. White'),
('AP139', '2', '2024-05-01 03:21:47', 'Andrews Memorial', 'In-Person', 'Scheduled', 'PA089', 'Dr. Lee'),
('AP140', '2', '2024-04-08 02:43:57', 'Uwi Hospital', 'In-Person', 'Scheduled', 'PA024', 'Dr. Smith'),
('AP141', '3', '2024-04-18 07:33:04', 'Family Care Medical Centre', 'In-Person', 'Scheduled', 'PA023', 'Dr. Johnson'),
('AP142', '5', '2024-04-12 07:59:51', 'Andrews Memorial', 'Phone Call', 'Scheduled', 'PA014', 'Dr. Johnson'),
('AP143', '2', '2024-04-15 22:02:13', 'Center C', 'In-Person', 'Scheduled', 'PA011', 'Dr. Johnson'),
('AP144', NULL, '2024-04-08 09:41:25', 'Center C', NULL, 'Open', NULL, 'Dr. Brown'),
('AP145', NULL, '2024-05-03 22:37:39', 'Andrews Memorial', NULL, 'Open', NULL, 'Dr. Johnson'),
('AP146', '1', '2024-04-30 07:03:51', 'Family Care Medical Centre', 'Video Call', 'Scheduled', 'PA099', 'Dr. Lee'),
('AP147', '5', '2024-04-15 08:10:49', 'Family Care Medical Centre', 'In-Person', 'Scheduled', 'PA025', 'Dr. Smith'),
('AP148', '3', '2024-05-03 10:56:56', 'Andrews Memorial', 'In-Person', 'Scheduled', 'PA025', 'Dr. White'),
('AP149', NULL, '2024-04-07 13:40:33', 'Andrews Memorial', NULL, 'Open', NULL, 'Dr. Johnson'),
('AP150', NULL, '2024-04-11 21:42:08', 'Uwi Hospital', NULL, 'Open', NULL, 'Dr. Smith'),
('AP151', '3', '2024-04-29 04:45:33', 'Center C', 'Video Call', 'Scheduled', 'PA037', 'Dr. Brown'),
('AP152', NULL, '2024-04-19 22:02:25', 'Andrews Memorial', NULL, 'Open', NULL, 'Dr. Lee'),
('AP153', '2', '2024-04-10 17:26:10', 'Center C', 'In-Person', 'Scheduled', 'PA056', 'Dr. Smith'),
('AP154', '1', '2024-04-21 18:22:54', 'Uwi Hospital', 'In-Person', 'Scheduled', 'PA021', 'Dr. Brown'),
('AP155', NULL, '2024-04-20 17:20:48', 'Family Care Medical Centre', NULL, 'Open', NULL, 'Dr. Lee'),
('AP156', NULL, '2024-04-09 15:30:25', 'Andrews Memorial', NULL, 'Open', NULL, 'Dr. Johnson'),
('AP157', NULL, '2024-04-18 00:30:48', 'Andrews Memorial', NULL, 'Open', NULL, 'Dr. Lee'),
('AP158', NULL, '2024-04-24 19:15:11', 'Uwi Hospital', NULL, 'Open', NULL, 'Dr. Smith'),
('AP159', '1', '2024-04-28 20:06:48', 'Center C', 'In-Person', 'Scheduled', 'PA029', 'Dr. Smith'),
('AP160', NULL, '2024-05-04 21:01:39', 'Center C', NULL, 'Open', NULL, 'Dr. Lee'),
('AP161', NULL, '2024-05-06 12:47:01', 'Center C', NULL, 'Open', NULL, 'Dr. Smith'),
('AP162', NULL, '2024-04-20 21:07:25', 'Center C', NULL, 'Open', NULL, 'Dr. Lee'),
('AP163', '3', '2024-04-09 06:41:48', 'Center C', 'In-Person', 'Scheduled', 'PA026', 'Dr. Smith'),
('AP164', '3', '2024-05-01 10:42:48', 'Andrews Memorial', 'In-Person', 'Scheduled', 'PA039', 'Dr. Johnson'),
('AP165', NULL, '2024-04-13 03:08:47', 'Center C', NULL, 'Open', NULL, 'Dr. Brown'),
('AP166', NULL, '2024-04-22 11:35:19', 'Family Care Medical Centre', NULL, 'Open', NULL, 'Dr. Smith'),
('AP167', NULL, '2024-04-27 06:47:37', 'Family Care Medical Centre', NULL, 'Open', NULL, 'Dr. Brown'),
('AP168', NULL, '2024-05-04 16:45:07', 'Family Care Medical Centre', NULL, 'Open', NULL, 'Dr. White'),
('AP169', NULL, '2024-04-19 12:34:50', 'Uwi Hospital', NULL, 'Open', NULL, 'Dr. Brown'),
('AP170', NULL, '2024-04-21 23:29:20', 'Family Care Medical Centre', NULL, 'Open', NULL, 'Dr. Smith'),
('AP171', NULL, '2024-04-18 19:49:45', 'Family Care Medical Centre', NULL, 'Open', NULL, 'Dr. Brown'),
('AP172', '2', '2024-04-22 17:09:11', 'Center C', 'In-Person', 'Scheduled', 'PA018', 'Dr. White'),
('AP173', '2', '2024-04-30 18:48:30', 'Family Care Medical Centre', 'In-Person', 'Scheduled', 'PA026', 'Dr. Brown'),
('AP174', NULL, '2024-04-13 19:15:42', 'Andrews Memorial', NULL, 'Open', NULL, 'Dr. Lee'),
('AP175', '3', '2024-04-29 14:29:14', 'Andrews Memorial', 'In-Person', 'Scheduled', 'PA029', 'Dr. Lee'),
('AP176', NULL, '2024-04-09 20:20:05', 'Uwi Hospital', NULL, 'Open', NULL, 'Dr. Lee'),
('AP177', '1', '2024-04-26 17:13:18', 'Andrews Memorial', 'In-Person', 'Scheduled', 'PA052', 'Dr. Brown'),
('AP178', NULL, '2024-04-20 03:05:15', 'Andrews Memorial', NULL, 'Open', NULL, 'Dr. Johnson'),
('AP179', '1', '2024-04-23 00:21:40', 'Andrews Memorial', 'In-Person', 'Scheduled', 'PA075', 'Dr. Smith'),
('AP180', '4', '2024-04-13 02:12:37', 'Andrews Memorial', 'In-Person', 'Scheduled', 'PA005', 'Dr. Lee'),
('AP181', '4', '2024-04-09 00:45:50', 'Center C', 'In-Person', 'Scheduled', 'PA065', 'Dr. Lee'),
('AP182', '1', '2024-04-12 19:21:44', 'Uwi Hospital', 'Video Call', 'Scheduled', 'PA024', 'Dr. Brown'),
('AP183', NULL, '2024-04-29 12:08:53', 'Uwi Hospital', NULL, 'Open', NULL, 'Dr. Johnson'),
('AP184', NULL, '2024-04-28 03:34:11', 'Uwi Hospital', NULL, 'Open', NULL, 'Dr. Lee'),
('AP185', NULL, '2024-04-14 13:47:00', 'Center C', NULL, 'Open', NULL, 'Dr. White'),
('AP186', NULL, '2024-05-04 15:10:55', 'Uwi Hospital', NULL, 'Open', NULL, 'Dr. Johnson'),
('AP187', '5', '2024-04-11 20:57:18', 'Family Care Medical Centre', 'In-Person', 'Scheduled', 'PA038', 'Dr. White'),
('AP188', '3', '2024-04-07 00:49:29', 'Uwi Hospital', 'In-Person', 'Scheduled', 'PA028', 'Dr. Brown'),
('AP189', NULL, '2024-05-01 08:03:40', 'Uwi Hospital', NULL, 'Open', NULL, 'Dr. Johnson'),
('AP190', '1', '2024-04-30 12:45:41', 'Center C', 'In-Person', 'Scheduled', 'PA007', 'Dr. Smith'),
('AP191', '2', '2024-05-04 07:36:55', 'Center C', 'In-Person', 'Scheduled', 'PA013', 'Dr. Brown'),
('AP192', NULL, '2024-04-25 12:32:42', 'Family Care Medical Centre', NULL, 'Open', NULL, 'Dr. Smith'),
('AP193', NULL, '2024-04-26 01:22:26', 'Uwi Hospital', NULL, 'Open', NULL, 'Dr. White'),
('AP194', '2', '2024-04-27 13:38:20', 'Family Care Medical Centre', 'Video Call', 'Scheduled', 'PA069', 'Dr. Brown'),
('AP195', NULL, '2024-04-25 14:31:52', 'Center C', NULL, 'Open', NULL, 'Dr. Lee'),
('AP196', '2', '2024-04-20 14:46:42', 'Uwi Hospital', 'In-Person', 'Scheduled', 'PA011', 'Dr. Lee'),
('AP197', '1', '2024-04-08 17:40:25', 'Andrews Memorial', 'Phone Call', 'Scheduled', 'PA067', 'Dr. Smith'),
('AP198', '1', '2024-04-13 07:16:14', 'Family Care Medical Centre', 'In-Person', 'Scheduled', 'PA033', 'Dr. Smith'),
('AP199', '2', '2024-04-15 16:45:30', 'Andrews Memorial', 'In-Person', 'Scheduled', 'PA060', 'Dr. Brown'),
('AP200', '5', '2024-04-21 06:42:03', 'Family Care Medical Centre', 'In-Person', 'Scheduled', 'PA069', 'Dr. White');
 

INSERT INTO Preference (UserID, PreferenceID, Type, Provider, Location, TimeOfDay) 
VALUES
 
('PA100', 'PR001', 'In-Person', 'Dr. White', 'Uwi Hospital', 'Morning'),
('PA035', 'PR002', 'In-Person', 'Dr. Lee', 'Andrews Memorial', 'Afternoon'),
('PA032', 'PR003', 'In-Person', 'Dr. Smith', 'Uwi Hospital', 'Morning'),
('PA060', 'PR004', 'In-Person', 'Dr. White', 'Family Care Medical Centre', 'Afternoon'),
('PA097', 'PR005', 'Phone Call', 'Dr. White', 'Family Care Medical Centre', 'Morning'),
('PA072', 'PR006', 'In-Person', 'Dr. Johnson', 'Andrews Memorial', 'Afternoon'),
('PA042', 'PR007', 'In-Person', 'Dr. Brown', 'Andrews Memorial', 'Morning'),
('PA011', 'PR008', 'In-Person', 'Dr. Johnson', 'Uwi Hospital', 'Afternoon'),
('PA008', 'PR009', 'Video Call', 'Dr. Lee', 'Andrews Memorial', 'Morning'),
('PA021', 'PR010', 'In-Person', 'Dr. Johnson', 'Uwi Hospital', 'Morning'),
('PA012', 'PR011', 'In-Person', 'Dr. Lee', 'Uwi Hospital', 'Evening'),
('PA085', 'PR012', 'In-Person', 'Dr. White', 'Uwi Hospital', 'Evening'),
('PA026', 'PR013', 'In-Person', 'Dr. White', 'Uwi Hospital', 'Morning'),
('PA074', 'PR014', 'In-Person', 'Dr. White', 'Uwi Hospital', 'Morning'),
('PA090', 'PR015', 'In-Person', 'Dr. Brown', 'Andrews Memorial', 'Afternoon'),
('PA016', 'PR016', 'Video Call', 'Dr. Smith', 'Uwi Hospital', 'Evening'),
('PA018', 'PR017', 'In-Person', 'Dr. Smith', 'Center C', 'Morning'),
('PA033', 'PR018', 'In-Person', 'Dr. Smith', 'Center C', 'Evening'),
('PA038', 'PR019', 'In-Person', 'Dr. Smith', 'Uwi Hospital', 'Afternoon'),
('PA080', 'PR020', 'In-Person', 'Dr. White', 'Uwi Hospital', 'Afternoon'),
('PA020', 'PR021', 'In-Person', 'Dr. Smith', 'Center C', 'Evening'),
('PA052', 'PR022', 'In-Person', 'Dr. Johnson', 'Uwi Hospital', 'Evening'),
('PA081', 'PR023', 'In-Person', 'Dr. Brown', 'Uwi Hospital', 'Evening'),
('PA075', 'PR024', 'Video Call', 'Dr. Lee', 'Uwi Hospital', 'Afternoon'),
('PA089', 'PR025', 'Video Call', 'Dr. Johnson', 'Uwi Hospital', 'Afternoon'),
('PA092', 'PR026', 'In-Person', 'Dr. White', 'Family Care Medical Centre', 'Afternoon'),
('PA039', 'PR027', 'Phone Call', 'Dr. Brown', 'Andrews Memorial', 'Evening'),
('PA073', 'PR028', 'In-Person', 'Dr. Brown', 'Family Care Medical Centre', 'Morning'),
('PA046', 'PR029', 'Phone Call', 'Dr. White', 'Uwi Hospital', 'Afternoon'),
('PA022', 'PR030', 'In-Person', 'Dr. Johnson', 'Andrews Memorial', 'Morning'),
('PA037', 'PR031', 'Video Call', 'Dr. Brown', 'Family Care Medical Centre', 'Afternoon'),
('PA015', 'PR032', 'Phone Call', 'Dr. Brown', 'Andrews Memorial', 'Evening'),
('PA086', 'PR033', 'In-Person', 'Dr. White', 'Family Care Medical Centre', 'Afternoon'),
('PA019', 'PR034', 'Video Call', 'Dr. Lee', 'Uwi Hospital', 'Afternoon'),
('PA006', 'PR035', 'Video Call', 'Dr. Smith', 'Andrews Memorial', 'Afternoon'),
('PA065', 'PR036', 'In-Person', 'Dr. Smith', 'Center C', 'Evening'),
('PA034', 'PR037', 'In-Person', 'Dr. Johnson', 'Andrews Memorial', 'Morning'),
('PA054', 'PR038', 'In-Person', 'Dr. White', 'Andrews Memorial', 'Morning'),
('PA049', 'PR039', 'Phone Call', 'Dr. Brown', 'Uwi Hospital', 'Morning'),
('PA063', 'PR040', 'In-Person', 'Dr. Smith', 'Family Care Medical Centre', 'Afternoon'),
('PA004', 'PR041', 'In-Person', 'Dr. Brown', 'Center C', 'Afternoon'),
('PA014', 'PR042', 'In-Person', 'Dr. White', 'Center C', 'Morning'),
('PA055', 'PR043', 'Video Call', 'Dr. Lee', 'Uwi Hospital', 'Morning'),
('PA082', 'PR044', 'In-Person', 'Dr. Lee', 'Uwi Hospital', 'Evening'),
('PA088', 'PR045', 'In-Person', 'Dr. Lee', 'Center C', 'Morning'),
('PA013', 'PR046', 'In-Person', 'Dr. Johnson', 'Center C', 'Afternoon'),
('PA023', 'PR047', 'In-Person', 'Dr. Brown', 'Family Care Medical Centre', 'Evening'),
('PA028', 'PR048', 'In-Person', 'Dr. Lee', 'Andrews Memorial', 'Morning'),
('PA079', 'PR049', 'In-Person', 'Dr. Lee', 'Center C', 'Afternoon'),
('PA002', 'PR050', 'Phone Call', 'Dr. Johnson', 'Family Care Medical Centre', 'Evening'),
('PA059', 'PR051', 'In-Person', 'Dr. White', 'Andrews Memorial', 'Evening'),
('PA091', 'PR052', 'In-Person', 'Dr. Lee', 'Family Care Medical Centre', 'Morning'),
('PA083', 'PR053', 'In-Person', 'Dr. Smith', 'Uwi Hospital', 'Evening'),
('PA025', 'PR054', 'In-Person', 'Dr. Lee', 'Family Care Medical Centre', 'Afternoon'),
('PA047', 'PR055', 'Phone Call', 'Dr. Brown', 'Uwi Hospital', 'Morning'),
('PA078', 'PR056', 'In-Person', 'Dr. Lee', 'Center C', 'Morning'),
('PA041', 'PR057', 'Phone Call', 'Dr. White', 'Family Care Medical Centre', 'Afternoon'),
('PA044', 'PR058', 'In-Person', 'Dr. Brown', 'Uwi Hospital', 'Afternoon'),
('PA056', 'PR059', 'Video Call', 'Dr. Lee', 'Andrews Memorial', 'Afternoon'),
('PA069', 'PR060', 'Phone Call', 'Dr. Smith', 'Center C', 'Afternoon'),
('PA070', 'PR061', 'In-Person', 'Dr. White', 'Family Care Medical Centre', 'Morning'),
('PA053', 'PR062', 'Video Call', 'Dr. Smith', 'Uwi Hospital', 'Morning'),
('PA040', 'PR063', 'In-Person', 'Dr. White', 'Uwi Hospital', 'Evening'),
('PA005', 'PR064', 'In-Person', 'Dr. White', 'Family Care Medical Centre', 'Afternoon'),
('PA066', 'PR065', 'Phone Call', 'Dr. White', 'Family Care Medical Centre', 'Morning'),
('PA095', 'PR066', 'Phone Call', 'Dr. Smith', 'Family Care Medical Centre', 'Afternoon'),
('PA096', 'PR067', 'In-Person', 'Dr. Johnson', 'Family Care Medical Centre', 'Evening'),
('PA067', 'PR068', 'In-Person', 'Dr. Brown', 'Center C', 'Afternoon'),
('PA001', 'PR069', 'In-Person', 'Dr. Lee', 'Andrews Memorial', 'Afternoon'),
('PA061', 'PR070', 'In-Person', 'Dr. White', 'Uwi Hospital', 'Morning'),
('PA062', 'PR071', 'Phone Call', 'Dr. Brown', 'Family Care Medical Centre', 'Morning'),
('PA051', 'PR072', 'Video Call', 'Dr. Smith', 'Andrews Memorial', 'Afternoon'),
('PA029', 'PR073', 'In-Person', 'Dr. Johnson', 'Uwi Hospital', 'Morning'),
('PA043', 'PR074', 'In-Person', 'Dr. Lee', 'Center C', 'Evening'),
('PA076', 'PR075', 'Phone Call', 'Dr. Brown', 'Family Care Medical Centre', 'Afternoon'),
('PA030', 'PR076', 'In-Person', 'Dr. White', 'Uwi Hospital', 'Morning'),
('PA099', 'PR077', 'In-Person', 'Dr. White', 'Family Care Medical Centre', 'Afternoon'),
('PA093', 'PR078', 'Video Call', 'Dr. Johnson', 'Family Care Medical Centre', 'Afternoon'),
('PA045', 'PR079', 'Video Call', 'Dr. Lee', 'Family Care Medical Centre', 'Evening'),
('PA098', 'PR080', 'In-Person', 'Dr. Johnson', 'Uwi Hospital', 'Morning'),
('PA003', 'PR081', 'In-Person', 'Dr. Brown', 'Uwi Hospital', 'Morning'),
('PA064', 'PR082', 'Video Call', 'Dr. Smith', 'Center C', 'Morning'),
('PA009', 'PR083', 'Phone Call', 'Dr. Lee', 'Center C', 'Morning'),
('PA024', 'PR084', 'In-Person', 'Dr. Smith', 'Center C', 'Morning'),
('PA077', 'PR085', 'In-Person', 'Dr. White', 'Family Care Medical Centre', 'Morning'),
('PA010', 'PR086', 'In-Person', 'Dr. Lee', 'Family Care Medical Centre', 'Evening'),
('PA094', 'PR087', 'In-Person', 'Dr. Johnson', 'Center C', 'Afternoon'),
('PA027', 'PR088', 'In-Person', 'Dr. Smith', 'Family Care Medical Centre', 'Evening'),
('PA057', 'PR089', 'In-Person', 'Dr. White', 'Center C', 'Morning'),
('PA036', 'PR090', 'Video Call', 'Dr. Brown', 'Uwi Hospital', 'Afternoon'),
('PA017', 'PR091', 'Phone Call', 'Dr. Lee', 'Uwi Hospital', 'Morning'),
('PA007', 'PR092', 'Phone Call', 'Dr. Brown', 'Family Care Medical Centre', 'Evening'),
('PA084', 'PR093', 'In-Person', 'Dr. Lee', 'Center C', 'Afternoon'),
('PA031', 'PR094', 'In-Person', 'Dr. Johnson', 'Center C', 'Afternoon'),
('PA058', 'PR095', 'In-Person', 'Dr. Lee', 'Andrews Memorial', 'Morning'),
('PA071', 'PR096', 'In-Person', 'Dr. Johnson', 'Family Care Medical Centre', 'Morning'),
('PA068', 'PR097', 'In-Person', 'Dr. Brown', 'Center C', 'Afternoon'),
('PA050', 'PR098', 'In-Person', 'Dr. Brown', 'Center C', 'Afternoon'),
('PA087', 'PR099', 'In-Person', 'Dr. White', 'Center C', 'Morning'),
('PA048', 'PR100', 'In-Person', 'Dr. Lee', 'Family Care Medical Centre', 'Afternoon');
 

INSERT INTO Administrator (UserID) 
VALUES
('AD001'),
('AD002'),
('AD003'),
('AD004'),
('AD005');
 
